TRUNCATE TABLE `oc_banner`;

INSERT INTO `oc_banner` (`banner_id`, `name`, `status`) VALUES ('6', 'HP Products', '1');
INSERT INTO `oc_banner` (`banner_id`, `name`, `status`) VALUES ('7', 'Home Page Slideshow', '1');
INSERT INTO `oc_banner` (`banner_id`, `name`, `status`) VALUES ('8', 'Manufacturers', '1');
INSERT INTO `oc_banner` (`banner_id`, `name`, `status`) VALUES ('9', 'Left Banner', '1');
INSERT INTO `oc_banner` (`banner_id`, `name`, `status`) VALUES ('10', 'Right Banner', '1');


TRUNCATE TABLE `oc_banner_image`;

INSERT INTO `oc_banner_image` (`banner_image_id`, `banner_id`, `language_id`, `title`, `link`, `image`, `sort_order`) VALUES ('87', '6', '1', 'HP Banner', 'index.php?route=product/manufacturer/info&amp;manufacturer_id=7', 'catalog/demo/compaq_presario.jpg', '0');
INSERT INTO `oc_banner_image` (`banner_image_id`, `banner_id`, `language_id`, `title`, `link`, `image`, `sort_order`) VALUES ('116', '6', '2', 'HP Banner', 'index.php?route=product/manufacturer/info&amp;manufacturer_id=7', 'catalog/demo/compaq_presario.jpg', '0');
INSERT INTO `oc_banner_image` (`banner_image_id`, `banner_id`, `language_id`, `title`, `link`, `image`, `sort_order`) VALUES ('165', '9', '2', 'Left Banner', '#', 'catalog/banners/cat-leftbanner.jpg', '0');
INSERT INTO `oc_banner_image` (`banner_image_id`, `banner_id`, `language_id`, `title`, `link`, `image`, `sort_order`) VALUES ('164', '9', '1', 'Left Banner', '#', 'catalog/banners/cat-leftbanner.jpg', '0');
INSERT INTO `oc_banner_image` (`banner_image_id`, `banner_id`, `language_id`, `title`, `link`, `image`, `sort_order`) VALUES ('201', '8', '1', 'Coca Cola', '', 'catalog/manufactures/8.png', '8');
INSERT INTO `oc_banner_image` (`banner_image_id`, `banner_id`, `language_id`, `title`, `link`, `image`, `sort_order`) VALUES ('200', '8', '1', 'Coca Cola', '', 'catalog/manufactures/7.png', '7');
INSERT INTO `oc_banner_image` (`banner_image_id`, `banner_id`, `language_id`, `title`, `link`, `image`, `sort_order`) VALUES ('133', '6', '2', 'HP Banner', 'index.php?route=product/manufacturer/info&amp;manufacturer_id=7', 'catalog/demo/compaq_presario.jpg', '0');
INSERT INTO `oc_banner_image` (`banner_image_id`, `banner_id`, `language_id`, `title`, `link`, `image`, `sort_order`) VALUES ('199', '8', '1', 'Burger King', '', 'catalog/manufactures/6.png', '6');
INSERT INTO `oc_banner_image` (`banner_image_id`, `banner_id`, `language_id`, `title`, `link`, `image`, `sort_order`) VALUES ('198', '8', '1', 'Canon', '', 'catalog/manufactures/5.png', '5');
INSERT INTO `oc_banner_image` (`banner_image_id`, `banner_id`, `language_id`, `title`, `link`, `image`, `sort_order`) VALUES ('197', '8', '1', 'Harley Davidson', '', 'catalog/manufactures/4.png', '4');
INSERT INTO `oc_banner_image` (`banner_image_id`, `banner_id`, `language_id`, `title`, `link`, `image`, `sort_order`) VALUES ('196', '8', '1', 'Dell', '', 'catalog/manufactures/3.png', '3');
INSERT INTO `oc_banner_image` (`banner_image_id`, `banner_id`, `language_id`, `title`, `link`, `image`, `sort_order`) VALUES ('195', '8', '1', 'Disney', '', 'catalog/manufactures/2.png', '2');
INSERT INTO `oc_banner_image` (`banner_image_id`, `banner_id`, `language_id`, `title`, `link`, `image`, `sort_order`) VALUES ('194', '8', '1', 'Starbucks', '', 'catalog/manufactures/1.png', '1');
INSERT INTO `oc_banner_image` (`banner_image_id`, `banner_id`, `language_id`, `title`, `link`, `image`, `sort_order`) VALUES ('213', '7', '2', 'Main-banner2', '#', 'catalog/banners/mainbanner2.jpg', '1');
INSERT INTO `oc_banner_image` (`banner_image_id`, `banner_id`, `language_id`, `title`, `link`, `image`, `sort_order`) VALUES ('212', '7', '2', 'Main-banner1', '#', 'catalog/banners/mainbanner1.jpg', '2');
INSERT INTO `oc_banner_image` (`banner_image_id`, `banner_id`, `language_id`, `title`, `link`, `image`, `sort_order`) VALUES ('211', '7', '1', 'Main-banner2', '#', 'catalog/banners/mainbanner2.jpg', '1');
INSERT INTO `oc_banner_image` (`banner_image_id`, `banner_id`, `language_id`, `title`, `link`, `image`, `sort_order`) VALUES ('210', '7', '1', 'Main-banner1', '#', 'catalog/banners/mainbanner1.jpg', '2');
INSERT INTO `oc_banner_image` (`banner_image_id`, `banner_id`, `language_id`, `title`, `link`, `image`, `sort_order`) VALUES ('202', '8', '2', 'Starbucks', '', 'catalog/manufactures/1.png', '1');
INSERT INTO `oc_banner_image` (`banner_image_id`, `banner_id`, `language_id`, `title`, `link`, `image`, `sort_order`) VALUES ('203', '8', '2', 'Disney', '', 'catalog/manufactures/2.png', '2');
INSERT INTO `oc_banner_image` (`banner_image_id`, `banner_id`, `language_id`, `title`, `link`, `image`, `sort_order`) VALUES ('204', '8', '2', 'Dell', '', 'catalog/manufactures/3.png', '3');
INSERT INTO `oc_banner_image` (`banner_image_id`, `banner_id`, `language_id`, `title`, `link`, `image`, `sort_order`) VALUES ('205', '8', '2', 'Harley Davidson', '', 'catalog/manufactures/4.png', '4');
INSERT INTO `oc_banner_image` (`banner_image_id`, `banner_id`, `language_id`, `title`, `link`, `image`, `sort_order`) VALUES ('206', '8', '2', 'Canon', '', 'catalog/manufactures/5.png', '5');
INSERT INTO `oc_banner_image` (`banner_image_id`, `banner_id`, `language_id`, `title`, `link`, `image`, `sort_order`) VALUES ('207', '8', '2', 'Burger King', '', 'catalog/manufactures/6.png', '6');
INSERT INTO `oc_banner_image` (`banner_image_id`, `banner_id`, `language_id`, `title`, `link`, `image`, `sort_order`) VALUES ('208', '8', '2', 'Coca Cola', '', 'catalog/manufactures/7.png', '7');
INSERT INTO `oc_banner_image` (`banner_image_id`, `banner_id`, `language_id`, `title`, `link`, `image`, `sort_order`) VALUES ('209', '8', '2', 'Coca Cola', '', 'catalog/manufactures/8.png', '8');
INSERT INTO `oc_banner_image` (`banner_image_id`, `banner_id`, `language_id`, `title`, `link`, `image`, `sort_order`) VALUES ('215', '10', '1', 'Right Banner', '#', 'catalog/banners/cat-rightbanner.jpg', '0');
INSERT INTO `oc_banner_image` (`banner_image_id`, `banner_id`, `language_id`, `title`, `link`, `image`, `sort_order`) VALUES ('216', '10', '2', 'Right Banner', '#', 'catalog/banners/cat-rightbanner.jpg', '0');


TRUNCATE TABLE `oc_category`;

INSERT INTO `oc_category` (`category_id`, `image`, `parent_id`, `top`, `column`, `sort_order`, `status`, `date_added`, `date_modified`) VALUES ('25', 'catalog/banners/cat_banner.jpg', '0', '0', '0', '3', '1', '2009-01-31 01:04:25', '2020-08-31 10:42:39');
INSERT INTO `oc_category` (`category_id`, `image`, `parent_id`, `top`, `column`, `sort_order`, `status`, `date_added`, `date_modified`) VALUES ('27', '', '20', '0', '0', '2', '1', '2009-01-31 01:55:34', '2020-08-31 11:00:04');
INSERT INTO `oc_category` (`category_id`, `image`, `parent_id`, `top`, `column`, `sort_order`, `status`, `date_added`, `date_modified`) VALUES ('20', 'catalog/banners/cat_banner.jpg', '0', '0', '1', '2', '1', '2009-01-05 21:49:43', '2020-08-31 10:42:10');
INSERT INTO `oc_category` (`category_id`, `image`, `parent_id`, `top`, `column`, `sort_order`, `status`, `date_added`, `date_modified`) VALUES ('24', 'catalog/banners/cat_banner.jpg', '0', '0', '1', '5', '1', '2009-01-20 02:36:26', '2020-08-31 10:43:59');
INSERT INTO `oc_category` (`category_id`, `image`, `parent_id`, `top`, `column`, `sort_order`, `status`, `date_added`, `date_modified`) VALUES ('18', 'catalog/banners/cat_banner.jpg', '0', '0', '3', '1', '1', '2009-01-05 21:49:15', '2020-08-31 10:41:27');
INSERT INTO `oc_category` (`category_id`, `image`, `parent_id`, `top`, `column`, `sort_order`, `status`, `date_added`, `date_modified`) VALUES ('17', 'catalog/banners/cat_banner.jpg', '0', '0', '1', '9', '1', '2009-01-03 21:08:57', '2020-08-31 10:49:49');
INSERT INTO `oc_category` (`category_id`, `image`, `parent_id`, `top`, `column`, `sort_order`, `status`, `date_added`, `date_modified`) VALUES ('28', '', '25', '0', '0', '1', '1', '2009-02-02 13:11:12', '2020-08-31 11:03:57');
INSERT INTO `oc_category` (`category_id`, `image`, `parent_id`, `top`, `column`, `sort_order`, `status`, `date_added`, `date_modified`) VALUES ('26', '', '20', '0', '0', '1', '1', '2009-01-31 01:55:14', '2020-08-31 10:58:53');
INSERT INTO `oc_category` (`category_id`, `image`, `parent_id`, `top`, `column`, `sort_order`, `status`, `date_added`, `date_modified`) VALUES ('29', '', '25', '0', '0', '1', '1', '2009-02-02 13:11:37', '2020-08-31 11:01:21');
INSERT INTO `oc_category` (`category_id`, `image`, `parent_id`, `top`, `column`, `sort_order`, `status`, `date_added`, `date_modified`) VALUES ('30', '', '25', '0', '0', '1', '1', '2009-02-02 13:11:59', '2020-08-31 11:01:42');
INSERT INTO `oc_category` (`category_id`, `image`, `parent_id`, `top`, `column`, `sort_order`, `status`, `date_added`, `date_modified`) VALUES ('31', '', '25', '0', '0', '1', '1', '2009-02-03 14:17:24', '2020-08-31 11:00:59');
INSERT INTO `oc_category` (`category_id`, `image`, `parent_id`, `top`, `column`, `sort_order`, `status`, `date_added`, `date_modified`) VALUES ('32', '', '25', '0', '0', '1', '1', '2009-02-03 14:17:34', '2020-08-31 11:04:13');
INSERT INTO `oc_category` (`category_id`, `image`, `parent_id`, `top`, `column`, `sort_order`, `status`, `date_added`, `date_modified`) VALUES ('33', 'catalog/banners/cat_banner.jpg', '0', '0', '1', '6', '1', '2009-02-03 14:17:55', '2020-08-31 10:49:13');
INSERT INTO `oc_category` (`category_id`, `image`, `parent_id`, `top`, `column`, `sort_order`, `status`, `date_added`, `date_modified`) VALUES ('34', 'catalog/banners/cat_banner.jpg', '0', '0', '1', '7', '1', '2009-02-03 14:18:11', '2020-08-31 10:44:20');
INSERT INTO `oc_category` (`category_id`, `image`, `parent_id`, `top`, `column`, `sort_order`, `status`, `date_added`, `date_modified`) VALUES ('35', '', '28', '0', '0', '0', '1', '2010-09-17 10:06:48', '2020-08-31 11:04:32');
INSERT INTO `oc_category` (`category_id`, `image`, `parent_id`, `top`, `column`, `sort_order`, `status`, `date_added`, `date_modified`) VALUES ('36', '', '28', '0', '0', '0', '1', '2010-09-17 10:07:13', '2020-08-13 10:31:50');
INSERT INTO `oc_category` (`category_id`, `image`, `parent_id`, `top`, `column`, `sort_order`, `status`, `date_added`, `date_modified`) VALUES ('37', '', '34', '0', '0', '0', '1', '2010-09-18 14:03:39', '2020-08-31 10:58:14');
INSERT INTO `oc_category` (`category_id`, `image`, `parent_id`, `top`, `column`, `sort_order`, `status`, `date_added`, `date_modified`) VALUES ('38', '', '34', '0', '0', '3', '1', '2010-09-18 14:03:51', '2020-08-31 10:56:34');
INSERT INTO `oc_category` (`category_id`, `image`, `parent_id`, `top`, `column`, `sort_order`, `status`, `date_added`, `date_modified`) VALUES ('39', '', '34', '0', '0', '0', '1', '2010-09-18 14:04:17', '2020-08-13 10:39:33');
INSERT INTO `oc_category` (`category_id`, `image`, `parent_id`, `top`, `column`, `sort_order`, `status`, `date_added`, `date_modified`) VALUES ('40', '', '34', '0', '0', '0', '1', '2010-09-18 14:05:36', '2020-08-31 10:57:34');
INSERT INTO `oc_category` (`category_id`, `image`, `parent_id`, `top`, `column`, `sort_order`, `status`, `date_added`, `date_modified`) VALUES ('41', '', '34', '0', '0', '0', '1', '2010-09-18 14:05:49', '2020-08-13 10:35:15');
INSERT INTO `oc_category` (`category_id`, `image`, `parent_id`, `top`, `column`, `sort_order`, `status`, `date_added`, `date_modified`) VALUES ('42', '', '34', '0', '0', '0', '1', '2010-09-18 14:06:34', '2020-08-31 10:56:47');
INSERT INTO `oc_category` (`category_id`, `image`, `parent_id`, `top`, `column`, `sort_order`, `status`, `date_added`, `date_modified`) VALUES ('43', '', '0', '0', '0', '8', '1', '2010-09-18 14:06:49', '2020-08-31 10:49:31');
INSERT INTO `oc_category` (`category_id`, `image`, `parent_id`, `top`, `column`, `sort_order`, `status`, `date_added`, `date_modified`) VALUES ('44', '', '34', '0', '0', '0', '1', '2010-09-21 15:39:21', '2020-08-13 10:33:35');
INSERT INTO `oc_category` (`category_id`, `image`, `parent_id`, `top`, `column`, `sort_order`, `status`, `date_added`, `date_modified`) VALUES ('45', '', '18', '0', '0', '1', '1', '2010-09-24 18:29:16', '2020-08-31 10:51:50');
INSERT INTO `oc_category` (`category_id`, `image`, `parent_id`, `top`, `column`, `sort_order`, `status`, `date_added`, `date_modified`) VALUES ('46', '', '18', '0', '0', '1', '1', '2010-09-24 18:29:31', '2020-08-13 10:16:45');
INSERT INTO `oc_category` (`category_id`, `image`, `parent_id`, `top`, `column`, `sort_order`, `status`, `date_added`, `date_modified`) VALUES ('47', '', '20', '0', '0', '0', '1', '2010-11-07 11:13:16', '2020-08-13 10:40:56');
INSERT INTO `oc_category` (`category_id`, `image`, `parent_id`, `top`, `column`, `sort_order`, `status`, `date_added`, `date_modified`) VALUES ('48', '', '34', '0', '0', '0', '1', '2010-11-07 11:13:33', '2020-08-31 10:55:46');
INSERT INTO `oc_category` (`category_id`, `image`, `parent_id`, `top`, `column`, `sort_order`, `status`, `date_added`, `date_modified`) VALUES ('49', '', '20', '0', '0', '0', '1', '2010-11-07 11:14:04', '2020-08-31 11:00:20');
INSERT INTO `oc_category` (`category_id`, `image`, `parent_id`, `top`, `column`, `sort_order`, `status`, `date_added`, `date_modified`) VALUES ('50', '', '34', '0', '0', '0', '1', '2010-11-07 11:14:23', '2020-08-31 10:57:01');
INSERT INTO `oc_category` (`category_id`, `image`, `parent_id`, `top`, `column`, `sort_order`, `status`, `date_added`, `date_modified`) VALUES ('51', '', '34', '0', '0', '0', '1', '2010-11-07 11:14:38', '2020-08-31 10:56:07');
INSERT INTO `oc_category` (`category_id`, `image`, `parent_id`, `top`, `column`, `sort_order`, `status`, `date_added`, `date_modified`) VALUES ('52', '', '0', '0', '0', '11', '1', '2010-11-07 11:16:09', '2020-08-31 10:43:17');
INSERT INTO `oc_category` (`category_id`, `image`, `parent_id`, `top`, `column`, `sort_order`, `status`, `date_added`, `date_modified`) VALUES ('53', '', '34', '0', '0', '0', '1', '2010-11-07 11:28:53', '2020-08-31 10:57:57');
INSERT INTO `oc_category` (`category_id`, `image`, `parent_id`, `top`, `column`, `sort_order`, `status`, `date_added`, `date_modified`) VALUES ('54', '', '34', '0', '0', '0', '1', '2010-11-07 11:29:16', '2020-08-31 10:55:33');
INSERT INTO `oc_category` (`category_id`, `image`, `parent_id`, `top`, `column`, `sort_order`, `status`, `date_added`, `date_modified`) VALUES ('55', '', '34', '0', '0', '0', '1', '2010-11-08 10:31:32', '2020-08-31 10:57:21');
INSERT INTO `oc_category` (`category_id`, `image`, `parent_id`, `top`, `column`, `sort_order`, `status`, `date_added`, `date_modified`) VALUES ('56', '', '0', '0', '0', '10', '1', '2010-11-08 10:31:50', '2020-08-31 10:50:18');
INSERT INTO `oc_category` (`category_id`, `image`, `parent_id`, `top`, `column`, `sort_order`, `status`, `date_added`, `date_modified`) VALUES ('57', 'catalog/banners/cat_banner.jpg', '0', '0', '1', '4', '1', '2011-04-26 08:53:16', '2020-08-31 11:30:13');
INSERT INTO `oc_category` (`category_id`, `image`, `parent_id`, `top`, `column`, `sort_order`, `status`, `date_added`, `date_modified`) VALUES ('58', '', '20', '0', '0', '0', '1', '2011-05-08 13:44:16', '2020-08-31 10:59:39');
INSERT INTO `oc_category` (`category_id`, `image`, `parent_id`, `top`, `column`, `sort_order`, `status`, `date_added`, `date_modified`) VALUES ('59', '', '46', '0', '0', '0', '1', '2019-11-27 04:13:20', '2020-08-31 10:55:06');
INSERT INTO `oc_category` (`category_id`, `image`, `parent_id`, `top`, `column`, `sort_order`, `status`, `date_added`, `date_modified`) VALUES ('60', '', '45', '0', '1', '0', '1', '2019-11-27 04:13:20', '2020-08-31 10:52:23');
INSERT INTO `oc_category` (`category_id`, `image`, `parent_id`, `top`, `column`, `sort_order`, `status`, `date_added`, `date_modified`) VALUES ('61', '', '46', '0', '1', '0', '1', '2019-11-27 09:58:58', '2020-08-31 10:54:18');
INSERT INTO `oc_category` (`category_id`, `image`, `parent_id`, `top`, `column`, `sort_order`, `status`, `date_added`, `date_modified`) VALUES ('62', '', '45', '0', '1', '0', '1', '2019-11-27 09:58:58', '2020-08-31 10:52:59');
INSERT INTO `oc_category` (`category_id`, `image`, `parent_id`, `top`, `column`, `sort_order`, `status`, `date_added`, `date_modified`) VALUES ('63', '', '18', '1', '1', '0', '1', '2020-06-05 05:11:08', '2020-06-05 05:11:08');
INSERT INTO `oc_category` (`category_id`, `image`, `parent_id`, `top`, `column`, `sort_order`, `status`, `date_added`, `date_modified`) VALUES ('64', '', '18', '1', '1', '0', '1', '2020-06-05 05:11:12', '2020-06-05 05:11:12');
INSERT INTO `oc_category` (`category_id`, `image`, `parent_id`, `top`, `column`, `sort_order`, `status`, `date_added`, `date_modified`) VALUES ('65', '', '18', '1', '1', '0', '1', '2020-06-05 05:11:53', '2020-06-05 05:11:53');
INSERT INTO `oc_category` (`category_id`, `image`, `parent_id`, `top`, `column`, `sort_order`, `status`, `date_added`, `date_modified`) VALUES ('66', '', '0', '1', '1', '0', '1', '2020-06-05 05:12:01', '2020-06-05 05:12:01');
INSERT INTO `oc_category` (`category_id`, `image`, `parent_id`, `top`, `column`, `sort_order`, `status`, `date_added`, `date_modified`) VALUES ('67', '', '0', '0', '1', '0', '1', '2020-06-05 05:12:45', '2020-06-05 05:12:45');
INSERT INTO `oc_category` (`category_id`, `image`, `parent_id`, `top`, `column`, `sort_order`, `status`, `date_added`, `date_modified`) VALUES ('68', '', '0', '0', '1', '0', '1', '2020-06-05 05:12:52', '2020-06-05 05:12:52');
INSERT INTO `oc_category` (`category_id`, `image`, `parent_id`, `top`, `column`, `sort_order`, `status`, `date_added`, `date_modified`) VALUES ('69', '', '18', '1', '1', '0', '1', '2020-06-05 05:12:54', '2020-08-31 10:53:16');
INSERT INTO `oc_category` (`category_id`, `image`, `parent_id`, `top`, `column`, `sort_order`, `status`, `date_added`, `date_modified`) VALUES ('70', '', '69', '0', '1', '0', '1', '2020-06-05 05:13:52', '2020-08-31 10:53:34');
INSERT INTO `oc_category` (`category_id`, `image`, `parent_id`, `top`, `column`, `sort_order`, `status`, `date_added`, `date_modified`) VALUES ('71', '', '69', '0', '1', '0', '1', '2020-06-05 05:14:10', '2020-08-31 10:53:48');
INSERT INTO `oc_category` (`category_id`, `image`, `parent_id`, `top`, `column`, `sort_order`, `status`, `date_added`, `date_modified`) VALUES ('72', '', '69', '0', '1', '0', '1', '2020-06-05 05:17:24', '2020-08-31 10:54:02');
INSERT INTO `oc_category` (`category_id`, `image`, `parent_id`, `top`, `column`, `sort_order`, `status`, `date_added`, `date_modified`) VALUES ('73', '', '46', '0', '1', '0', '1', '2020-06-05 05:18:32', '2020-08-31 10:54:44');
INSERT INTO `oc_category` (`category_id`, `image`, `parent_id`, `top`, `column`, `sort_order`, `status`, `date_added`, `date_modified`) VALUES ('74', '', '45', '0', '1', '0', '1', '2020-06-05 05:19:05', '2020-08-13 10:17:41');


TRUNCATE TABLE `oc_category_description`;

INSERT INTO `oc_category_description` (`category_id`, `language_id`, `name`, `description`, `meta_title`, `meta_description`, `meta_keyword`) VALUES ('31', '2', 'television', '&lt;p&gt;\r\n\tShop Laptop feature only the best laptop deals on the market. By comparing laptop deals from the likes of PC World, Comet, Dixons, The Link and Carphone Warehouse, Shop Laptop has the most comprehensive selection of laptops on the internet. At Shop Laptop, we pride ourselves on offering customers the very best laptop deals. From refurbished laptops to netbooks, Shop Laptop ensures that every laptop - in every colour, style, size and technical spec - is featured on the site at the lowest possible price.&lt;/p&gt;\r\n', 'television', '', '');
INSERT INTO `oc_category_description` (`category_id`, `language_id`, `name`, `description`, `meta_title`, `meta_description`, `meta_keyword`) VALUES ('30', '2', 'digital watch', '&lt;p&gt;\r\n\tShop Laptop feature only the best laptop deals on the market. By comparing laptop deals from the likes of PC World, Comet, Dixons, The Link and Carphone Warehouse, Shop Laptop has the most comprehensive selection of laptops on the internet. At Shop Laptop, we pride ourselves on offering customers the very best laptop deals. From refurbished laptops to netbooks, Shop Laptop ensures that every laptop - in every colour, style, size and technical spec - is featured on the site at the lowest possible price.&lt;/p&gt;\r\n', 'digital watch', '', '');
INSERT INTO `oc_category_description` (`category_id`, `language_id`, `name`, `description`, `meta_title`, `meta_description`, `meta_keyword`) VALUES ('27', '2', 'monitor', '&lt;p&gt;\r\n\tShop Laptop feature only the best laptop deals on the market. By comparing laptop deals from the likes of PC World, Comet, Dixons, The Link and Carphone Warehouse, Shop Laptop has the most comprehensive selection of laptops on the internet. At Shop Laptop, we pride ourselves on offering customers the very best laptop deals. From refurbished laptops to netbooks, Shop Laptop ensures that every laptop - in every colour, style, size and technical spec - is featured on the site at the lowest possible price.&lt;/p&gt;\r\n', 'monitor', '', '');
INSERT INTO `oc_category_description` (`category_id`, `language_id`, `name`, `description`, `meta_title`, `meta_description`, `meta_keyword`) VALUES ('36', '1', 'Women\'s Fiction', '&lt;p&gt;\r\n\tShop Laptop feature only the best laptop deals on the market. By comparing laptop deals from the likes of PC World, Comet, Dixons, The Link and Carphone Warehouse, Shop Laptop has the most comprehensive selection of laptops on the internet. At Shop Laptop, we pride ourselves on offering customers the very best laptop deals. From refurbished laptops to netbooks, Shop Laptop ensures that every laptop - in every colour, style, size and technical spec - is featured on the site at the lowest possible price.&lt;/p&gt;\r\n', 'Women\'s Fiction', '', '');
INSERT INTO `oc_category_description` (`category_id`, `language_id`, `name`, `description`, `meta_title`, `meta_description`, `meta_keyword`) VALUES ('38', '1', 'Ethentic Wear', '&lt;p&gt;\r\n\tShop Laptop feature only the best laptop deals on the market. By comparing laptop deals from the likes of PC World, Comet, Dixons, The Link and Carphone Warehouse, Shop Laptop has the most comprehensive selection of laptops on the internet. At Shop Laptop, we pride ourselves on offering customers the very best laptop deals. From refurbished laptops to netbooks, Shop Laptop ensures that every laptop - in every colour, style, size and technical spec - is featured on the site at the lowest possible price.&lt;/p&gt;\r\n', 'Ethentic Wear', '', '');
INSERT INTO `oc_category_description` (`category_id`, `language_id`, `name`, `description`, `meta_title`, `meta_description`, `meta_keyword`) VALUES ('40', '1', 'Tshirts', '&lt;p&gt;\r\n\tShop Laptop feature only the best laptop deals on the market. By comparing laptop deals from the likes of PC World, Comet, Dixons, The Link and Carphone Warehouse, Shop Laptop has the most comprehensive selection of laptops on the internet. At Shop Laptop, we pride ourselves on offering customers the very best laptop deals. From refurbished laptops to netbooks, Shop Laptop ensures that every laptop - in every colour, style, size and technical spec - is featured on the site at the lowest possible price.&lt;/p&gt;\r\n', 'Tshirts', '', '');
INSERT INTO `oc_category_description` (`category_id`, `language_id`, `name`, `description`, `meta_title`, `meta_description`, `meta_keyword`) VALUES ('42', '2', 'Jackets', '&lt;p&gt;\r\n\tShop Laptop feature only the best laptop deals on the market. By comparing laptop deals from the likes of PC World, Comet, Dixons, The Link and Carphone Warehouse, Shop Laptop has the most comprehensive selection of laptops on the internet. At Shop Laptop, we pride ourselves on offering customers the very best laptop deals. From refurbished laptops to netbooks, Shop Laptop ensures that every laptop - in every colour, style, size and technical spec - is featured on the site at the lowest possible price.&lt;/p&gt;\r\n', 'Jackets', '', '');
INSERT INTO `oc_category_description` (`category_id`, `language_id`, `name`, `description`, `meta_title`, `meta_description`, `meta_keyword`) VALUES ('18', '1', 'Clothes', '&lt;p&gt;\r\n\tShop Laptop feature only the best laptop deals on the market. By comparing laptop deals from the likes of PC World, Comet, Dixons, The Link and Carphone Warehouse, Shop Laptop has the most comprehensive selection of laptops on the internet. At Shop Laptop, we pride ourselves on offering customers the very best laptop deals. From refurbished laptops to netbooks, Shop Laptop ensures that every laptop - in every colour, style, size and technical spec - is featured on the site at the lowest possible price.&lt;/p&gt;\r\n', 'Clothes', '', '');
INSERT INTO `oc_category_description` (`category_id`, `language_id`, `name`, `description`, `meta_title`, `meta_description`, `meta_keyword`) VALUES ('44', '1', 'Self-Help', '&lt;p&gt;\r\n\tShop Laptop feature only the best laptop deals on the market. By comparing laptop deals from the likes of PC World, Comet, Dixons, The Link and Carphone Warehouse, Shop Laptop has the most comprehensive selection of laptops on the internet. At Shop Laptop, we pride ourselves on offering customers the very best laptop deals. From refurbished laptops to netbooks, Shop Laptop ensures that every laptop - in every colour, style, size and technical spec - is featured on the site at the lowest possible price.&lt;/p&gt;\r\n', 'Self-Help', '', '');
INSERT INTO `oc_category_description` (`category_id`, `language_id`, `name`, `description`, `meta_title`, `meta_description`, `meta_keyword`) VALUES ('46', '2', 'Technology', '&lt;p&gt;\r\n\tShop Laptop feature only the best laptop deals on the market. By comparing laptop deals from the likes of PC World, Comet, Dixons, The Link and Carphone Warehouse, Shop Laptop has the most comprehensive selection of laptops on the internet. At Shop Laptop, we pride ourselves on offering customers the very best laptop deals. From refurbished laptops to netbooks, Shop Laptop ensures that every laptop - in every colour, style, size and technical spec - is featured on the site at the lowest possible price.&lt;/p&gt;\r\n', 'Technology', '', '');
INSERT INTO `oc_category_description` (`category_id`, `language_id`, `name`, `description`, `meta_title`, `meta_description`, `meta_keyword`) VALUES ('53', '2', 'Ruff JEans', '&lt;p&gt;\r\n\tShop Laptop feature only the best laptop deals on the market. By comparing laptop deals from the likes of PC World, Comet, Dixons, The Link and Carphone Warehouse, Shop Laptop has the most comprehensive selection of laptops on the internet. At Shop Laptop, we pride ourselves on offering customers the very best laptop deals. From refurbished laptops to netbooks, Shop Laptop ensures that every laptop - in every colour, style, size and technical spec - is featured on the site at the lowest possible price.&lt;/p&gt;\r\n', 'Ruff JEans', '', '');
INSERT INTO `oc_category_description` (`category_id`, `language_id`, `name`, `description`, `meta_title`, `meta_description`, `meta_keyword`) VALUES ('55', '1', 'Trousers', '&lt;p&gt;\r\n\tShop Laptop feature only the best laptop deals on the market. By comparing laptop deals from the likes of PC World, Comet, Dixons, The Link and Carphone Warehouse, Shop Laptop has the most comprehensive selection of laptops on the internet. At Shop Laptop, we pride ourselves on offering customers the very best laptop deals. From refurbished laptops to netbooks, Shop Laptop ensures that every laptop - in every colour, style, size and technical spec - is featured on the site at the lowest possible price.&lt;/p&gt;\r\n', 'Trousers', '', '');
INSERT INTO `oc_category_description` (`category_id`, `language_id`, `name`, `description`, `meta_title`, `meta_description`, `meta_keyword`) VALUES ('58', '2', 'camera', '&lt;p&gt;\r\n\tShop Laptop feature only the best laptop deals on the market. By comparing laptop deals from the likes of PC World, Comet, Dixons, The Link and Carphone Warehouse, Shop Laptop has the most comprehensive selection of laptops on the internet. At Shop Laptop, we pride ourselves on offering customers the very best laptop deals. From refurbished laptops to netbooks, Shop Laptop ensures that every laptop - in every colour, style, size and technical spec - is featured on the site at the lowest possible price.&lt;/p&gt;\r\n', 'camera', '', '');
INSERT INTO `oc_category_description` (`category_id`, `language_id`, `name`, `description`, `meta_title`, `meta_description`, `meta_keyword`) VALUES ('34', '1', 'Computers &amp; Gaming', '&lt;p&gt;\r\n\tShop Laptop feature only the best laptop deals on the market. By comparing laptop deals from the likes of PC World, Comet, Dixons, The Link and Carphone Warehouse, Shop Laptop has the most comprehensive selection of laptops on the internet. At Shop Laptop, we pride ourselves on offering customers the very best laptop deals. From refurbished laptops to netbooks, Shop Laptop ensures that every laptop - in every colour, style, size and technical spec - is featured on the site at the lowest possible price.&lt;/p&gt;\r\n', 'Computers &amp; Gaming', '', '');
INSERT INTO `oc_category_description` (`category_id`, `language_id`, `name`, `description`, `meta_title`, `meta_description`, `meta_keyword`) VALUES ('28', '2', 'Wristlet', '&lt;p&gt;\r\n\tShop Laptop feature only the best laptop deals on the market. By comparing laptop deals from the likes of PC World, Comet, Dixons, The Link and Carphone Warehouse, Shop Laptop has the most comprehensive selection of laptops on the internet. At Shop Laptop, we pride ourselves on offering customers the very best laptop deals. From refurbished laptops to netbooks, Shop Laptop ensures that every laptop - in every colour, style, size and technical spec - is featured on the site at the lowest possible price.&lt;/p&gt;\r\n', 'Wristlet', '', '');
INSERT INTO `oc_category_description` (`category_id`, `language_id`, `name`, `description`, `meta_title`, `meta_description`, `meta_keyword`) VALUES ('33', '1', 'Speaker', '&lt;p&gt;\r\n\tShop Laptop feature only the best laptop deals on the market. By comparing laptop deals from the likes of PC World, Comet, Dixons, The Link and Carphone Warehouse, Shop Laptop has the most comprehensive selection of laptops on the internet. At Shop Laptop, we pride ourselves on offering customers the very best laptop deals. From refurbished laptops to netbooks, Shop Laptop ensures that every laptop - in every colour, style, size and technical spec - is featured on the site at the lowest possible price.&lt;/p&gt;\r\n', 'Speaker', '', '');
INSERT INTO `oc_category_description` (`category_id`, `language_id`, `name`, `description`, `meta_title`, `meta_description`, `meta_keyword`) VALUES ('29', '1', 'smart watch', '&lt;p&gt;\r\n\tShop Laptop feature only the best laptop deals on the market. By comparing laptop deals from the likes of PC World, Comet, Dixons, The Link and Carphone Warehouse, Shop Laptop has the most comprehensive selection of laptops on the internet. At Shop Laptop, we pride ourselves on offering customers the very best laptop deals. From refurbished laptops to netbooks, Shop Laptop ensures that every laptop - in every colour, style, size and technical spec - is featured on the site at the lowest possible price.&lt;/p&gt;\r\n', 'smart watch', '', '');
INSERT INTO `oc_category_description` (`category_id`, `language_id`, `name`, `description`, `meta_title`, `meta_description`, `meta_keyword`) VALUES ('26', '2', 'Tomboy', '&lt;p&gt;\r\n\tShop Laptop feature only the best laptop deals on the market. By comparing laptop deals from the likes of PC World, Comet, Dixons, The Link and Carphone Warehouse, Shop Laptop has the most comprehensive selection of laptops on the internet. At Shop Laptop, we pride ourselves on offering customers the very best laptop deals. From refurbished laptops to netbooks, Shop Laptop ensures that every laptop - in every colour, style, size and technical spec - is featured on the site at the lowest possible price.&lt;/p&gt;\r\n', 'Tomboy', '', '');
INSERT INTO `oc_category_description` (`category_id`, `language_id`, `name`, `description`, `meta_title`, `meta_description`, `meta_keyword`) VALUES ('17', '1', 'Mobile', '&lt;p&gt;\r\n\tShop Laptop feature only the best laptop deals on the market. By comparing laptop deals from the likes of PC World, Comet, Dixons, The Link and Carphone Warehouse, Shop Laptop has the most comprehensive selection of laptops on the internet. At Shop Laptop, we pride ourselves on offering customers the very best laptop deals. From refurbished laptops to netbooks, Shop Laptop ensures that every laptop - in every colour, style, size and technical spec - is featured on the site at the lowest possible price.&lt;/p&gt;\r\n', 'Mobile', '', '');
INSERT INTO `oc_category_description` (`category_id`, `language_id`, `name`, `description`, `meta_title`, `meta_description`, `meta_keyword`) VALUES ('20', '2', 'Electronics', '&lt;p&gt;\r\n\tShop Laptop feature only the best laptop deals on the market. By comparing laptop deals from the likes of PC World, Comet, Dixons, The Link and Carphone Warehouse, Shop Laptop has the most comprehensive selection of laptops on the internet. At Shop Laptop, we pride ourselves on offering customers the very best laptop deals. From refurbished laptops to netbooks, Shop Laptop ensures that every laptop - in every colour, style, size and technical spec - is featured on the site at the lowest possible price.&lt;/p&gt;\r\n', 'Electronics', 'Example of category description', '');
INSERT INTO `oc_category_description` (`category_id`, `language_id`, `name`, `description`, `meta_title`, `meta_description`, `meta_keyword`) VALUES ('35', '2', 'Minaudière', '&lt;p&gt;\r\n\tShop Laptop feature only the best laptop deals on the market. By comparing laptop deals from the likes of PC World, Comet, Dixons, The Link and Carphone Warehouse, Shop Laptop has the most comprehensive selection of laptops on the internet. At Shop Laptop, we pride ourselves on offering customers the very best laptop deals. From refurbished laptops to netbooks, Shop Laptop ensures that every laptop - in every colour, style, size and technical spec - is featured on the site at the lowest possible price.&lt;/p&gt;\r\n', 'Minaudière', '', '');
INSERT INTO `oc_category_description` (`category_id`, `language_id`, `name`, `description`, `meta_title`, `meta_description`, `meta_keyword`) VALUES ('37', '2', 'Business Casual', '&lt;p&gt;\r\n\tShop Laptop feature only the best laptop deals on the market. By comparing laptop deals from the likes of PC World, Comet, Dixons, The Link and Carphone Warehouse, Shop Laptop has the most comprehensive selection of laptops on the internet. At Shop Laptop, we pride ourselves on offering customers the very best laptop deals. From refurbished laptops to netbooks, Shop Laptop ensures that every laptop - in every colour, style, size and technical spec - is featured on the site at the lowest possible price.&lt;/p&gt;\r\n', 'Business Casual', '', '');
INSERT INTO `oc_category_description` (`category_id`, `language_id`, `name`, `description`, `meta_title`, `meta_description`, `meta_keyword`) VALUES ('39', '2', 'Sports', '&lt;p&gt;\r\n\tShop Laptop feature only the best laptop deals on the market. By comparing laptop deals from the likes of PC World, Comet, Dixons, The Link and Carphone Warehouse, Shop Laptop has the most comprehensive selection of laptops on the internet. At Shop Laptop, we pride ourselves on offering customers the very best laptop deals. From refurbished laptops to netbooks, Shop Laptop ensures that every laptop - in every colour, style, size and technical spec - is featured on the site at the lowest possible price.&lt;/p&gt;\r\n', 'Sports', '', '');
INSERT INTO `oc_category_description` (`category_id`, `language_id`, `name`, `description`, `meta_title`, `meta_description`, `meta_keyword`) VALUES ('41', '1', 'Motivational', '&lt;p&gt;\r\n\tShop Laptop feature only the best laptop deals on the market. By comparing laptop deals from the likes of PC World, Comet, Dixons, The Link and Carphone Warehouse, Shop Laptop has the most comprehensive selection of laptops on the internet. At Shop Laptop, we pride ourselves on offering customers the very best laptop deals. From refurbished laptops to netbooks, Shop Laptop ensures that every laptop - in every colour, style, size and technical spec - is featured on the site at the lowest possible price.&lt;/p&gt;\r\n', 'Motivational', '', '');
INSERT INTO `oc_category_description` (`category_id`, `language_id`, `name`, `description`, `meta_title`, `meta_description`, `meta_keyword`) VALUES ('43', '1', 'Watch', '&lt;p&gt;\r\n\tShop Laptop feature only the best laptop deals on the market. By comparing laptop deals from the likes of PC World, Comet, Dixons, The Link and Carphone Warehouse, Shop Laptop has the most comprehensive selection of laptops on the internet. At Shop Laptop, we pride ourselves on offering customers the very best laptop deals. From refurbished laptops to netbooks, Shop Laptop ensures that every laptop - in every colour, style, size and technical spec - is featured on the site at the lowest possible price.&lt;/p&gt;\r\n', 'Watch', '', '');
INSERT INTO `oc_category_description` (`category_id`, `language_id`, `name`, `description`, `meta_title`, `meta_description`, `meta_keyword`) VALUES ('45', '1', 'Accessories', '&lt;p&gt;\r\n\tShop Laptop feature only the best laptop deals on the market. By comparing laptop deals from the likes of PC World, Comet, Dixons, The Link and Carphone Warehouse, Shop Laptop has the most comprehensive selection of laptops on the internet. At Shop Laptop, we pride ourselves on offering customers the very best laptop deals. From refurbished laptops to netbooks, Shop Laptop ensures that every laptop - in every colour, style, size and technical spec - is featured on the site at the lowest possible price.&lt;/p&gt;\r\n', 'Accessories', '', '');
INSERT INTO `oc_category_description` (`category_id`, `language_id`, `name`, `description`, `meta_title`, `meta_description`, `meta_keyword`) VALUES ('49', '1', 'printers', '&lt;p&gt;\r\n\tShop Laptop feature only the best laptop deals on the market. By comparing laptop deals from the likes of PC World, Comet, Dixons, The Link and Carphone Warehouse, Shop Laptop has the most comprehensive selection of laptops on the internet. At Shop Laptop, we pride ourselves on offering customers the very best laptop deals. From refurbished laptops to netbooks, Shop Laptop ensures that every laptop - in every colour, style, size and technical spec - is featured on the site at the lowest possible price.&lt;/p&gt;\r\n', 'printers', '', '');
INSERT INTO `oc_category_description` (`category_id`, `language_id`, `name`, `description`, `meta_title`, `meta_description`, `meta_keyword`) VALUES ('50', '1', 'Jogers', '&lt;p&gt;\r\n\tShop Laptop feature only the best laptop deals on the market. By comparing laptop deals from the likes of PC World, Comet, Dixons, The Link and Carphone Warehouse, Shop Laptop has the most comprehensive selection of laptops on the internet. At Shop Laptop, we pride ourselves on offering customers the very best laptop deals. From refurbished laptops to netbooks, Shop Laptop ensures that every laptop - in every colour, style, size and technical spec - is featured on the site at the lowest possible price.&lt;/p&gt;\r\n', 'Jogers', '', '');
INSERT INTO `oc_category_description` (`category_id`, `language_id`, `name`, `description`, `meta_title`, `meta_description`, `meta_keyword`) VALUES ('51', '1', 'Blazers', '&lt;p&gt;\r\n\tShop Laptop feature only the best laptop deals on the market. By comparing laptop deals from the likes of PC World, Comet, Dixons, The Link and Carphone Warehouse, Shop Laptop has the most comprehensive selection of laptops on the internet. At Shop Laptop, we pride ourselves on offering customers the very best laptop deals. From refurbished laptops to netbooks, Shop Laptop ensures that every laptop - in every colour, style, size and technical spec - is featured on the site at the lowest possible price.&lt;/p&gt;\r\n', 'Blazers', '', '');
INSERT INTO `oc_category_description` (`category_id`, `language_id`, `name`, `description`, `meta_title`, `meta_description`, `meta_keyword`) VALUES ('52', '2', 'Mobile &amp; Tablets', '&lt;p&gt;\r\n\tShop Laptop feature only the best laptop deals on the market. By comparing laptop deals from the likes of PC World, Comet, Dixons, The Link and Carphone Warehouse, Shop Laptop has the most comprehensive selection of laptops on the internet. At Shop Laptop, we pride ourselves on offering customers the very best laptop deals. From refurbished laptops to netbooks, Shop Laptop ensures that every laptop - in every colour, style, size and technical spec - is featured on the site at the lowest possible price.&lt;/p&gt;\r\n', 'Mobile &amp; Tablets', '', '');
INSERT INTO `oc_category_description` (`category_id`, `language_id`, `name`, `description`, `meta_title`, `meta_description`, `meta_keyword`) VALUES ('54', '2', 'office bag', '&lt;p&gt;\r\n\tShop Laptop feature only the best laptop deals on the market. By comparing laptop deals from the likes of PC World, Comet, Dixons, The Link and Carphone Warehouse, Shop Laptop has the most comprehensive selection of laptops on the internet. At Shop Laptop, we pride ourselves on offering customers the very best laptop deals. From refurbished laptops to netbooks, Shop Laptop ensures that every laptop - in every colour, style, size and technical spec - is featured on the site at the lowest possible price.&lt;/p&gt;\r\n', 'office bag', '', '');
INSERT INTO `oc_category_description` (`category_id`, `language_id`, `name`, `description`, `meta_title`, `meta_description`, `meta_keyword`) VALUES ('56', '1', 'purse', '&lt;p&gt;\r\n\tShop Laptop feature only the best laptop deals on the market. By comparing laptop deals from the likes of PC World, Comet, Dixons, The Link and Carphone Warehouse, Shop Laptop has the most comprehensive selection of laptops on the internet. At Shop Laptop, we pride ourselves on offering customers the very best laptop deals. From refurbished laptops to netbooks, Shop Laptop ensures that every laptop - in every colour, style, size and technical spec - is featured on the site at the lowest possible price.&lt;/p&gt;\r\n', 'purse', '', '');
INSERT INTO `oc_category_description` (`category_id`, `language_id`, `name`, `description`, `meta_title`, `meta_description`, `meta_keyword`) VALUES ('34', '2', 'Computers &amp; Gaming', '&lt;p&gt;\r\n\tShop Laptop feature only the best laptop deals on the market. By comparing laptop deals from the likes of PC World, Comet, Dixons, The Link and Carphone Warehouse, Shop Laptop has the most comprehensive selection of laptops on the internet. At Shop Laptop, we pride ourselves on offering customers the very best laptop deals. From refurbished laptops to netbooks, Shop Laptop ensures that every laptop - in every colour, style, size and technical spec - is featured on the site at the lowest possible price.&lt;/p&gt;\r\n', 'Computers &amp; Gaming', '', '');
INSERT INTO `oc_category_description` (`category_id`, `language_id`, `name`, `description`, `meta_title`, `meta_description`, `meta_keyword`) VALUES ('60', '1', 'occasions', '&lt;p&gt;\r\n\tShop Laptop feature only the best laptop deals on the market. By comparing laptop deals from the likes of PC World, Comet, Dixons, The Link and Carphone Warehouse, Shop Laptop has the most comprehensive selection of laptops on the internet. At Shop Laptop, we pride ourselves on offering customers the very best laptop deals. From refurbished laptops to netbooks, Shop Laptop ensures that every laptop - in every colour, style, size and technical spec - is featured on the site at the lowest possible price.&lt;/p&gt;\r\n', 'occasions', '', '');
INSERT INTO `oc_category_description` (`category_id`, `language_id`, `name`, `description`, `meta_title`, `meta_description`, `meta_keyword`) VALUES ('61', '2', 'shooes', '&lt;p&gt;\r\n\tShop Laptop feature only the best laptop deals on the market. By comparing laptop deals from the likes of PC World, Comet, Dixons, The Link and Carphone Warehouse, Shop Laptop has the most comprehensive selection of laptops on the internet. At Shop Laptop, we pride ourselves on offering customers the very best laptop deals. From refurbished laptops to netbooks, Shop Laptop ensures that every laptop - in every colour, style, size and technical spec - is featured on the site at the lowest possible price.&lt;/p&gt;\r\n', 'shooes', '', '');
INSERT INTO `oc_category_description` (`category_id`, `language_id`, `name`, `description`, `meta_title`, `meta_description`, `meta_keyword`) VALUES ('48', '1', 'Hoodies', '', 'Hoodies', '', '');
INSERT INTO `oc_category_description` (`category_id`, `language_id`, `name`, `description`, `meta_title`, `meta_description`, `meta_keyword`) VALUES ('59', '1', 'kids wear', '&lt;p&gt;\r\n\tShop Laptop feature only the best laptop deals on the market. By comparing laptop deals from the likes of PC World, Comet, Dixons, The Link and Carphone Warehouse, Shop Laptop has the most comprehensive selection of laptops on the internet. At Shop Laptop, we pride ourselves on offering customers the very best laptop deals. From refurbished laptops to netbooks, Shop Laptop ensures that every laptop - in every colour, style, size and technical spec - is featured on the site at the lowest possible price.&lt;/p&gt;\r\n', 'kids wear', '', '');
INSERT INTO `oc_category_description` (`category_id`, `language_id`, `name`, `description`, `meta_title`, `meta_description`, `meta_keyword`) VALUES ('62', '2', 'men\'s wear', '&lt;p&gt;\r\n\tShop Laptop feature only the best laptop deals on the market. By comparing laptop deals from the likes of PC World, Comet, Dixons, The Link and Carphone Warehouse, Shop Laptop has the most comprehensive selection of laptops on the internet. At Shop Laptop, we pride ourselves on offering customers the very best laptop deals. From refurbished laptops to netbooks, Shop Laptop ensures that every laptop - in every colour, style, size and technical spec - is featured on the site at the lowest possible price.&lt;/p&gt;\r\n', 'men\'s wear', '', '');
INSERT INTO `oc_category_description` (`category_id`, `language_id`, `name`, `description`, `meta_title`, `meta_description`, `meta_keyword`) VALUES ('63', '1', 'designer dress', '&lt;p&gt;\r\n\tShop Laptop feature only the best laptop deals on the market. By comparing laptop deals from the likes of PC World, Comet, Dixons, The Link and Carphone Warehouse, Shop Laptop has the most comprehensive selection of laptops on the internet. At Shop Laptop, we pride ourselves on offering customers the very best laptop deals. From refurbished laptops to netbooks, Shop Laptop ensures that every laptop - in every colour, style, size and technical spec - is featured on the site at the lowest possible price.&lt;/p&gt;\r\n', 'designer dress', '', '');
INSERT INTO `oc_category_description` (`category_id`, `language_id`, `name`, `description`, `meta_title`, `meta_description`, `meta_keyword`) VALUES ('63', '2', 'designer dress', '&lt;p&gt;\r\n\tShop Laptop feature only the best laptop deals on the market. By comparing laptop deals from the likes of PC World, Comet, Dixons, The Link and Carphone Warehouse, Shop Laptop has the most comprehensive selection of laptops on the internet. At Shop Laptop, we pride ourselves on offering customers the very best laptop deals. From refurbished laptops to netbooks, Shop Laptop ensures that every laptop - in every colour, style, size and technical spec - is featured on the site at the lowest possible price.&lt;/p&gt;\r\n', 'designer dress', '', '');
INSERT INTO `oc_category_description` (`category_id`, `language_id`, `name`, `description`, `meta_title`, `meta_description`, `meta_keyword`) VALUES ('64', '1', 'swap dress', '&lt;p&gt;\r\n\tShop Laptop feature only the best laptop deals on the market. By comparing laptop deals from the likes of PC World, Comet, Dixons, The Link and Carphone Warehouse, Shop Laptop has the most comprehensive selection of laptops on the internet. At Shop Laptop, we pride ourselves on offering customers the very best laptop deals. From refurbished laptops to netbooks, Shop Laptop ensures that every laptop - in every colour, style, size and technical spec - is featured on the site at the lowest possible price.&lt;/p&gt;\r\n', 'swap dress', '', '');
INSERT INTO `oc_category_description` (`category_id`, `language_id`, `name`, `description`, `meta_title`, `meta_description`, `meta_keyword`) VALUES ('64', '2', 'swap dress', '&lt;p&gt;\r\n\tShop Laptop feature only the best laptop deals on the market. By comparing laptop deals from the likes of PC World, Comet, Dixons, The Link and Carphone Warehouse, Shop Laptop has the most comprehensive selection of laptops on the internet. At Shop Laptop, we pride ourselves on offering customers the very best laptop deals. From refurbished laptops to netbooks, Shop Laptop ensures that every laptop - in every colour, style, size and technical spec - is featured on the site at the lowest possible price.&lt;/p&gt;\r\n', 'swap dress', '', '');
INSERT INTO `oc_category_description` (`category_id`, `language_id`, `name`, `description`, `meta_title`, `meta_description`, `meta_keyword`) VALUES ('65', '1', 'winter dress', '&lt;p&gt;\r\n\tShop Laptop feature only the best laptop deals on the market. By comparing laptop deals from the likes of PC World, Comet, Dixons, The Link and Carphone Warehouse, Shop Laptop has the most comprehensive selection of laptops on the internet. At Shop Laptop, we pride ourselves on offering customers the very best laptop deals. From refurbished laptops to netbooks, Shop Laptop ensures that every laptop - in every colour, style, size and technical spec - is featured on the site at the lowest possible price.&lt;/p&gt;\r\n', 'winter dress', '', '');
INSERT INTO `oc_category_description` (`category_id`, `language_id`, `name`, `description`, `meta_title`, `meta_description`, `meta_keyword`) VALUES ('65', '2', 'winter dress', '&lt;p&gt;\r\n\tShop Laptop feature only the best laptop deals on the market. By comparing laptop deals from the likes of PC World, Comet, Dixons, The Link and Carphone Warehouse, Shop Laptop has the most comprehensive selection of laptops on the internet. At Shop Laptop, we pride ourselves on offering customers the very best laptop deals. From refurbished laptops to netbooks, Shop Laptop ensures that every laptop - in every colour, style, size and technical spec - is featured on the site at the lowest possible price.&lt;/p&gt;\r\n', 'winter dress', '', '');
INSERT INTO `oc_category_description` (`category_id`, `language_id`, `name`, `description`, `meta_title`, `meta_description`, `meta_keyword`) VALUES ('66', '1', 'occasions', '&lt;p&gt;\r\n\tShop Laptop feature only the best laptop deals on the market. By comparing laptop deals from the likes of PC World, Comet, Dixons, The Link and Carphone Warehouse, Shop Laptop has the most comprehensive selection of laptops on the internet. At Shop Laptop, we pride ourselves on offering customers the very best laptop deals. From refurbished laptops to netbooks, Shop Laptop ensures that every laptop - in every colour, style, size and technical spec - is featured on the site at the lowest possible price.&lt;/p&gt;\r\n', 'occasions', '', '');
INSERT INTO `oc_category_description` (`category_id`, `language_id`, `name`, `description`, `meta_title`, `meta_description`, `meta_keyword`) VALUES ('66', '2', 'occasions', '&lt;p&gt;\r\n\tShop Laptop feature only the best laptop deals on the market. By comparing laptop deals from the likes of PC World, Comet, Dixons, The Link and Carphone Warehouse, Shop Laptop has the most comprehensive selection of laptops on the internet. At Shop Laptop, we pride ourselves on offering customers the very best laptop deals. From refurbished laptops to netbooks, Shop Laptop ensures that every laptop - in every colour, style, size and technical spec - is featured on the site at the lowest possible price.&lt;/p&gt;\r\n', 'occasions', '', '');
INSERT INTO `oc_category_description` (`category_id`, `language_id`, `name`, `description`, `meta_title`, `meta_description`, `meta_keyword`) VALUES ('67', '1', 'cold dress', '&lt;p&gt;\r\n\tShop Laptop feature only the best laptop deals on the market. By comparing laptop deals from the likes of PC World, Comet, Dixons, The Link and Carphone Warehouse, Shop Laptop has the most comprehensive selection of laptops on the internet. At Shop Laptop, we pride ourselves on offering customers the very best laptop deals. From refurbished laptops to netbooks, Shop Laptop ensures that every laptop - in every colour, style, size and technical spec - is featured on the site at the lowest possible price.&lt;/p&gt;\r\n', 'cold dress', '', '');
INSERT INTO `oc_category_description` (`category_id`, `language_id`, `name`, `description`, `meta_title`, `meta_description`, `meta_keyword`) VALUES ('67', '2', 'cold dress', '&lt;p&gt;\r\n\tShop Laptop feature only the best laptop deals on the market. By comparing laptop deals from the likes of PC World, Comet, Dixons, The Link and Carphone Warehouse, Shop Laptop has the most comprehensive selection of laptops on the internet. At Shop Laptop, we pride ourselves on offering customers the very best laptop deals. From refurbished laptops to netbooks, Shop Laptop ensures that every laptop - in every colour, style, size and technical spec - is featured on the site at the lowest possible price.&lt;/p&gt;\r\n', 'cold dress', '', '');
INSERT INTO `oc_category_description` (`category_id`, `language_id`, `name`, `description`, `meta_title`, `meta_description`, `meta_keyword`) VALUES ('68', '2', 'sample dress', '&lt;p&gt;\r\n\tShop Laptop feature only the best laptop deals on the market. By comparing laptop deals from the likes of PC World, Comet, Dixons, The Link and Carphone Warehouse, Shop Laptop has the most comprehensive selection of laptops on the internet. At Shop Laptop, we pride ourselves on offering customers the very best laptop deals. From refurbished laptops to netbooks, Shop Laptop ensures that every laptop - in every colour, style, size and technical spec - is featured on the site at the lowest possible price.&lt;/p&gt;\r\n', 'sample dress', '', '');
INSERT INTO `oc_category_description` (`category_id`, `language_id`, `name`, `description`, `meta_title`, `meta_description`, `meta_keyword`) VALUES ('68', '1', 'sample dress', '&lt;p&gt;\r\n\tShop Laptop feature only the best laptop deals on the market. By comparing laptop deals from the likes of PC World, Comet, Dixons, The Link and Carphone Warehouse, Shop Laptop has the most comprehensive selection of laptops on the internet. At Shop Laptop, we pride ourselves on offering customers the very best laptop deals. From refurbished laptops to netbooks, Shop Laptop ensures that every laptop - in every colour, style, size and technical spec - is featured on the site at the lowest possible price.&lt;/p&gt;\r\n', 'sample dress', '', '');
INSERT INTO `oc_category_description` (`category_id`, `language_id`, `name`, `description`, `meta_title`, `meta_description`, `meta_keyword`) VALUES ('45', '2', 'Accessories', '&lt;p&gt;\r\n\tShop Laptop feature only the best laptop deals on the market. By comparing laptop deals from the likes of PC World, Comet, Dixons, The Link and Carphone Warehouse, Shop Laptop has the most comprehensive selection of laptops on the internet. At Shop Laptop, we pride ourselves on offering customers the very best laptop deals. From refurbished laptops to netbooks, Shop Laptop ensures that every laptop - in every colour, style, size and technical spec - is featured on the site at the lowest possible price.&lt;/p&gt;\r\n', 'Accessories', '', '');
INSERT INTO `oc_category_description` (`category_id`, `language_id`, `name`, `description`, `meta_title`, `meta_description`, `meta_keyword`) VALUES ('62', '1', 'men\'s wear', '&lt;p&gt;\r\n\tShop Laptop feature only the best laptop deals on the market. By comparing laptop deals from the likes of PC World, Comet, Dixons, The Link and Carphone Warehouse, Shop Laptop has the most comprehensive selection of laptops on the internet. At Shop Laptop, we pride ourselves on offering customers the very best laptop deals. From refurbished laptops to netbooks, Shop Laptop ensures that every laptop - in every colour, style, size and technical spec - is featured on the site at the lowest possible price.&lt;/p&gt;\r\n', 'men\'s wear', '', '');
INSERT INTO `oc_category_description` (`category_id`, `language_id`, `name`, `description`, `meta_title`, `meta_description`, `meta_keyword`) VALUES ('60', '2', 'occasions', '&lt;p&gt;\r\n\tShop Laptop feature only the best laptop deals on the market. By comparing laptop deals from the likes of PC World, Comet, Dixons, The Link and Carphone Warehouse, Shop Laptop has the most comprehensive selection of laptops on the internet. At Shop Laptop, we pride ourselves on offering customers the very best laptop deals. From refurbished laptops to netbooks, Shop Laptop ensures that every laptop - in every colour, style, size and technical spec - is featured on the site at the lowest possible price.&lt;/p&gt;\r\n', 'occasions', '', '');
INSERT INTO `oc_category_description` (`category_id`, `language_id`, `name`, `description`, `meta_title`, `meta_description`, `meta_keyword`) VALUES ('59', '2', 'kids wear', '&lt;p&gt;\r\n\tShop Laptop feature only the best laptop deals on the market. By comparing laptop deals from the likes of PC World, Comet, Dixons, The Link and Carphone Warehouse, Shop Laptop has the most comprehensive selection of laptops on the internet. At Shop Laptop, we pride ourselves on offering customers the very best laptop deals. From refurbished laptops to netbooks, Shop Laptop ensures that every laptop - in every colour, style, size and technical spec - is featured on the site at the lowest possible price.&lt;/p&gt;\r\n', 'kids wear', '', '');
INSERT INTO `oc_category_description` (`category_id`, `language_id`, `name`, `description`, `meta_title`, `meta_description`, `meta_keyword`) VALUES ('46', '1', 'Technology', '&lt;p&gt;\r\n\tShop Laptop feature only the best laptop deals on the market. By comparing laptop deals from the likes of PC World, Comet, Dixons, The Link and Carphone Warehouse, Shop Laptop has the most comprehensive selection of laptops on the internet. At Shop Laptop, we pride ourselves on offering customers the very best laptop deals. From refurbished laptops to netbooks, Shop Laptop ensures that every laptop - in every colour, style, size and technical spec - is featured on the site at the lowest possible price.&lt;/p&gt;\r\n', 'Technology', '', '');
INSERT INTO `oc_category_description` (`category_id`, `language_id`, `name`, `description`, `meta_title`, `meta_description`, `meta_keyword`) VALUES ('61', '1', 'shooes', '&lt;p&gt;\r\n\tShop Laptop feature only the best laptop deals on the market. By comparing laptop deals from the likes of PC World, Comet, Dixons, The Link and Carphone Warehouse, Shop Laptop has the most comprehensive selection of laptops on the internet. At Shop Laptop, we pride ourselves on offering customers the very best laptop deals. From refurbished laptops to netbooks, Shop Laptop ensures that every laptop - in every colour, style, size and technical spec - is featured on the site at the lowest possible price.&lt;/p&gt;\r\n', 'shooes', '', '');
INSERT INTO `oc_category_description` (`category_id`, `language_id`, `name`, `description`, `meta_title`, `meta_description`, `meta_keyword`) VALUES ('35', '1', 'Minaudière', '&lt;p&gt;\r\n\tShop Laptop feature only the best laptop deals on the market. By comparing laptop deals from the likes of PC World, Comet, Dixons, The Link and Carphone Warehouse, Shop Laptop has the most comprehensive selection of laptops on the internet. At Shop Laptop, we pride ourselves on offering customers the very best laptop deals. From refurbished laptops to netbooks, Shop Laptop ensures that every laptop - in every colour, style, size and technical spec - is featured on the site at the lowest possible price.&lt;/p&gt;\r\n', 'Minaudière', '', '');
INSERT INTO `oc_category_description` (`category_id`, `language_id`, `name`, `description`, `meta_title`, `meta_description`, `meta_keyword`) VALUES ('36', '2', 'Women\'s Fiction', '&lt;p&gt;\r\n\tShop Laptop feature only the best laptop deals on the market. By comparing laptop deals from the likes of PC World, Comet, Dixons, The Link and Carphone Warehouse, Shop Laptop has the most comprehensive selection of laptops on the internet. At Shop Laptop, we pride ourselves on offering customers the very best laptop deals. From refurbished laptops to netbooks, Shop Laptop ensures that every laptop - in every colour, style, size and technical spec - is featured on the site at the lowest possible price.&lt;/p&gt;\r\n', 'Women\'s Fiction', '', '');
INSERT INTO `oc_category_description` (`category_id`, `language_id`, `name`, `description`, `meta_title`, `meta_description`, `meta_keyword`) VALUES ('28', '1', 'Wristlet', '&lt;p&gt;\r\n\tShop Laptop feature only the best laptop deals on the market. By comparing laptop deals from the likes of PC World, Comet, Dixons, The Link and Carphone Warehouse, Shop Laptop has the most comprehensive selection of laptops on the internet. At Shop Laptop, we pride ourselves on offering customers the very best laptop deals. From refurbished laptops to netbooks, Shop Laptop ensures that every laptop - in every colour, style, size and technical spec - is featured on the site at the lowest possible price.&lt;/p&gt;\r\n', 'Wristlet', '', '');
INSERT INTO `oc_category_description` (`category_id`, `language_id`, `name`, `description`, `meta_title`, `meta_description`, `meta_keyword`) VALUES ('30', '1', 'digital watch', '&lt;p&gt;\r\n\tShop Laptop feature only the best laptop deals on the market. By comparing laptop deals from the likes of PC World, Comet, Dixons, The Link and Carphone Warehouse, Shop Laptop has the most comprehensive selection of laptops on the internet. At Shop Laptop, we pride ourselves on offering customers the very best laptop deals. From refurbished laptops to netbooks, Shop Laptop ensures that every laptop - in every colour, style, size and technical spec - is featured on the site at the lowest possible price.&lt;/p&gt;\r\n', 'digital watch', '', '');
INSERT INTO `oc_category_description` (`category_id`, `language_id`, `name`, `description`, `meta_title`, `meta_description`, `meta_keyword`) VALUES ('31', '1', 'television', '&lt;p&gt;\r\n\tShop Laptop feature only the best laptop deals on the market. By comparing laptop deals from the likes of PC World, Comet, Dixons, The Link and Carphone Warehouse, Shop Laptop has the most comprehensive selection of laptops on the internet. At Shop Laptop, we pride ourselves on offering customers the very best laptop deals. From refurbished laptops to netbooks, Shop Laptop ensures that every laptop - in every colour, style, size and technical spec - is featured on the site at the lowest possible price.&lt;/p&gt;\r\n', 'television', '', '');
INSERT INTO `oc_category_description` (`category_id`, `language_id`, `name`, `description`, `meta_title`, `meta_description`, `meta_keyword`) VALUES ('29', '2', 'smart watch', '&lt;p&gt;\r\n\tShop Laptop feature only the best laptop deals on the market. By comparing laptop deals from the likes of PC World, Comet, Dixons, The Link and Carphone Warehouse, Shop Laptop has the most comprehensive selection of laptops on the internet. At Shop Laptop, we pride ourselves on offering customers the very best laptop deals. From refurbished laptops to netbooks, Shop Laptop ensures that every laptop - in every colour, style, size and technical spec - is featured on the site at the lowest possible price.&lt;/p&gt;\r\n', 'smart watch', '', '');
INSERT INTO `oc_category_description` (`category_id`, `language_id`, `name`, `description`, `meta_title`, `meta_description`, `meta_keyword`) VALUES ('32', '1', 'Bracelet Bag', '&lt;p&gt;\r\n\tShop Laptop feature only the best laptop deals on the market. By comparing laptop deals from the likes of PC World, Comet, Dixons, The Link and Carphone Warehouse, Shop Laptop has the most comprehensive selection of laptops on the internet. At Shop Laptop, we pride ourselves on offering customers the very best laptop deals. From refurbished laptops to netbooks, Shop Laptop ensures that every laptop - in every colour, style, size and technical spec - is featured on the site at the lowest possible price.&lt;/p&gt;\r\n', 'Bracelet Bag', '', '');
INSERT INTO `oc_category_description` (`category_id`, `language_id`, `name`, `description`, `meta_title`, `meta_description`, `meta_keyword`) VALUES ('25', '2', 'Home &amp; Furniture', '&lt;p&gt;\r\n\tShop Laptop feature only the best laptop deals on the market. By comparing laptop deals from the likes of PC World, Comet, Dixons, The Link and Carphone Warehouse, Shop Laptop has the most comprehensive selection of laptops on the internet. At Shop Laptop, we pride ourselves on offering customers the very best laptop deals. From refurbished laptops to netbooks, Shop Laptop ensures that every laptop - in every colour, style, size and technical spec - is featured on the site at the lowest possible price.&lt;/p&gt;\r\n', 'Home &amp; Furniture', '', '');
INSERT INTO `oc_category_description` (`category_id`, `language_id`, `name`, `description`, `meta_title`, `meta_description`, `meta_keyword`) VALUES ('41', '2', 'Motivational', '&lt;p&gt;\r\n\tShop Laptop feature only the best laptop deals on the market. By comparing laptop deals from the likes of PC World, Comet, Dixons, The Link and Carphone Warehouse, Shop Laptop has the most comprehensive selection of laptops on the internet. At Shop Laptop, we pride ourselves on offering customers the very best laptop deals. From refurbished laptops to netbooks, Shop Laptop ensures that every laptop - in every colour, style, size and technical spec - is featured on the site at the lowest possible price.&lt;/p&gt;\r\n', 'Motivational', '', '');
INSERT INTO `oc_category_description` (`category_id`, `language_id`, `name`, `description`, `meta_title`, `meta_description`, `meta_keyword`) VALUES ('43', '2', 'Watch', '&lt;p&gt;\r\n\tShop Laptop feature only the best laptop deals on the market. By comparing laptop deals from the likes of PC World, Comet, Dixons, The Link and Carphone Warehouse, Shop Laptop has the most comprehensive selection of laptops on the internet. At Shop Laptop, we pride ourselves on offering customers the very best laptop deals. From refurbished laptops to netbooks, Shop Laptop ensures that every laptop - in every colour, style, size and technical spec - is featured on the site at the lowest possible price.&lt;/p&gt;\r\n', 'Watch', '', '');
INSERT INTO `oc_category_description` (`category_id`, `language_id`, `name`, `description`, `meta_title`, `meta_description`, `meta_keyword`) VALUES ('37', '1', 'Business Casual', '&lt;p&gt;\r\n\tShop Laptop feature only the best laptop deals on the market. By comparing laptop deals from the likes of PC World, Comet, Dixons, The Link and Carphone Warehouse, Shop Laptop has the most comprehensive selection of laptops on the internet. At Shop Laptop, we pride ourselves on offering customers the very best laptop deals. From refurbished laptops to netbooks, Shop Laptop ensures that every laptop - in every colour, style, size and technical spec - is featured on the site at the lowest possible price.&lt;/p&gt;\r\n', 'Business Casual', '', '');
INSERT INTO `oc_category_description` (`category_id`, `language_id`, `name`, `description`, `meta_title`, `meta_description`, `meta_keyword`) VALUES ('50', '2', 'Jogers', '&lt;p&gt;\r\n\tShop Laptop feature only the best laptop deals on the market. By comparing laptop deals from the likes of PC World, Comet, Dixons, The Link and Carphone Warehouse, Shop Laptop has the most comprehensive selection of laptops on the internet. At Shop Laptop, we pride ourselves on offering customers the very best laptop deals. From refurbished laptops to netbooks, Shop Laptop ensures that every laptop - in every colour, style, size and technical spec - is featured on the site at the lowest possible price.&lt;/p&gt;\r\n', 'Jogers', '', '');
INSERT INTO `oc_category_description` (`category_id`, `language_id`, `name`, `description`, `meta_title`, `meta_description`, `meta_keyword`) VALUES ('52', '1', 'Mobile &amp; Tablets', '&lt;p&gt;\r\n\tShop Laptop feature only the best laptop deals on the market. By comparing laptop deals from the likes of PC World, Comet, Dixons, The Link and Carphone Warehouse, Shop Laptop has the most comprehensive selection of laptops on the internet. At Shop Laptop, we pride ourselves on offering customers the very best laptop deals. From refurbished laptops to netbooks, Shop Laptop ensures that every laptop - in every colour, style, size and technical spec - is featured on the site at the lowest possible price.&lt;/p&gt;\r\n', 'Mobile &amp; Tablets', '', '');
INSERT INTO `oc_category_description` (`category_id`, `language_id`, `name`, `description`, `meta_title`, `meta_description`, `meta_keyword`) VALUES ('54', '1', 'office bag', '&lt;p&gt;\r\n\tShop Laptop feature only the best laptop deals on the market. By comparing laptop deals from the likes of PC World, Comet, Dixons, The Link and Carphone Warehouse, Shop Laptop has the most comprehensive selection of laptops on the internet. At Shop Laptop, we pride ourselves on offering customers the very best laptop deals. From refurbished laptops to netbooks, Shop Laptop ensures that every laptop - in every colour, style, size and technical spec - is featured on the site at the lowest possible price.&lt;/p&gt;\r\n', 'office bag', '', '');
INSERT INTO `oc_category_description` (`category_id`, `language_id`, `name`, `description`, `meta_title`, `meta_description`, `meta_keyword`) VALUES ('40', '2', 'Tshirts', '&lt;p&gt;\r\n\tShop Laptop feature only the best laptop deals on the market. By comparing laptop deals from the likes of PC World, Comet, Dixons, The Link and Carphone Warehouse, Shop Laptop has the most comprehensive selection of laptops on the internet. At Shop Laptop, we pride ourselves on offering customers the very best laptop deals. From refurbished laptops to netbooks, Shop Laptop ensures that every laptop - in every colour, style, size and technical spec - is featured on the site at the lowest possible price.&lt;/p&gt;\r\n', 'Tshirts', '', '');
INSERT INTO `oc_category_description` (`category_id`, `language_id`, `name`, `description`, `meta_title`, `meta_description`, `meta_keyword`) VALUES ('39', '1', 'Sports', '&lt;p&gt;\r\n\tShop Laptop feature only the best laptop deals on the market. By comparing laptop deals from the likes of PC World, Comet, Dixons, The Link and Carphone Warehouse, Shop Laptop has the most comprehensive selection of laptops on the internet. At Shop Laptop, we pride ourselves on offering customers the very best laptop deals. From refurbished laptops to netbooks, Shop Laptop ensures that every laptop - in every colour, style, size and technical spec - is featured on the site at the lowest possible price.&lt;/p&gt;\r\n', 'Sports', '', '');
INSERT INTO `oc_category_description` (`category_id`, `language_id`, `name`, `description`, `meta_title`, `meta_description`, `meta_keyword`) VALUES ('56', '2', 'purse', '&lt;p&gt;\r\n\tShop Laptop feature only the best laptop deals on the market. By comparing laptop deals from the likes of PC World, Comet, Dixons, The Link and Carphone Warehouse, Shop Laptop has the most comprehensive selection of laptops on the internet. At Shop Laptop, we pride ourselves on offering customers the very best laptop deals. From refurbished laptops to netbooks, Shop Laptop ensures that every laptop - in every colour, style, size and technical spec - is featured on the site at the lowest possible price.&lt;/p&gt;\r\n', 'purse', '', '');
INSERT INTO `oc_category_description` (`category_id`, `language_id`, `name`, `description`, `meta_title`, `meta_description`, `meta_keyword`) VALUES ('51', '2', 'Blazers', '&lt;p&gt;\r\n\tShop Laptop feature only the best laptop deals on the market. By comparing laptop deals from the likes of PC World, Comet, Dixons, The Link and Carphone Warehouse, Shop Laptop has the most comprehensive selection of laptops on the internet. At Shop Laptop, we pride ourselves on offering customers the very best laptop deals. From refurbished laptops to netbooks, Shop Laptop ensures that every laptop - in every colour, style, size and technical spec - is featured on the site at the lowest possible price.&lt;/p&gt;\r\n', 'Blazers', '', '');
INSERT INTO `oc_category_description` (`category_id`, `language_id`, `name`, `description`, `meta_title`, `meta_description`, `meta_keyword`) VALUES ('24', '2', 'Beauty &amp; Health', '&lt;p&gt;\r\n\tShop Laptop feature only the best laptop deals on the market. By comparing laptop deals from the likes of PC World, Comet, Dixons, The Link and Carphone Warehouse, Shop Laptop has the most comprehensive selection of laptops on the internet. At Shop Laptop, we pride ourselves on offering customers the very best laptop deals. From refurbished laptops to netbooks, Shop Laptop ensures that every laptop - in every colour, style, size and technical spec - is featured on the site at the lowest possible price.&lt;/p&gt;\r\n', 'Beauty &amp; Health', '', '');
INSERT INTO `oc_category_description` (`category_id`, `language_id`, `name`, `description`, `meta_title`, `meta_description`, `meta_keyword`) VALUES ('57', '2', 'Sports', '&lt;p&gt;\r\n\tShop Laptop feature only the best laptop deals on the market. By comparing laptop deals from the likes of PC World, Comet, Dixons, The Link and Carphone Warehouse, Shop Laptop has the most comprehensive selection of laptops on the internet. At Shop Laptop, we pride ourselves on offering customers the very best laptop deals. From refurbished laptops to netbooks, Shop Laptop ensures that every laptop - in every colour, style, size and technical spec - is featured on the site at the lowest possible price.&lt;/p&gt;\r\n', 'Sports', '', '');
INSERT INTO `oc_category_description` (`category_id`, `language_id`, `name`, `description`, `meta_title`, `meta_description`, `meta_keyword`) VALUES ('53', '1', 'Ruff JEans', '&lt;p&gt;\r\n\tShop Laptop feature only the best laptop deals on the market. By comparing laptop deals from the likes of PC World, Comet, Dixons, The Link and Carphone Warehouse, Shop Laptop has the most comprehensive selection of laptops on the internet. At Shop Laptop, we pride ourselves on offering customers the very best laptop deals. From refurbished laptops to netbooks, Shop Laptop ensures that every laptop - in every colour, style, size and technical spec - is featured on the site at the lowest possible price.&lt;/p&gt;\r\n', 'Ruff JEans', '', '');
INSERT INTO `oc_category_description` (`category_id`, `language_id`, `name`, `description`, `meta_title`, `meta_description`, `meta_keyword`) VALUES ('44', '2', 'Self-Help', '&lt;p&gt;\r\n\tShop Laptop feature only the best laptop deals on the market. By comparing laptop deals from the likes of PC World, Comet, Dixons, The Link and Carphone Warehouse, Shop Laptop has the most comprehensive selection of laptops on the internet. At Shop Laptop, we pride ourselves on offering customers the very best laptop deals. From refurbished laptops to netbooks, Shop Laptop ensures that every laptop - in every colour, style, size and technical spec - is featured on the site at the lowest possible price.&lt;/p&gt;\r\n', 'Self-Help', '', '');
INSERT INTO `oc_category_description` (`category_id`, `language_id`, `name`, `description`, `meta_title`, `meta_description`, `meta_keyword`) VALUES ('58', '1', 'camera', '&lt;p&gt;\r\n\tShop Laptop feature only the best laptop deals on the market. By comparing laptop deals from the likes of PC World, Comet, Dixons, The Link and Carphone Warehouse, Shop Laptop has the most comprehensive selection of laptops on the internet. At Shop Laptop, we pride ourselves on offering customers the very best laptop deals. From refurbished laptops to netbooks, Shop Laptop ensures that every laptop - in every colour, style, size and technical spec - is featured on the site at the lowest possible price.&lt;/p&gt;\r\n', 'camera', '', '');
INSERT INTO `oc_category_description` (`category_id`, `language_id`, `name`, `description`, `meta_title`, `meta_description`, `meta_keyword`) VALUES ('55', '2', 'Trousers', '&lt;p&gt;\r\n\tShop Laptop feature only the best laptop deals on the market. By comparing laptop deals from the likes of PC World, Comet, Dixons, The Link and Carphone Warehouse, Shop Laptop has the most comprehensive selection of laptops on the internet. At Shop Laptop, we pride ourselves on offering customers the very best laptop deals. From refurbished laptops to netbooks, Shop Laptop ensures that every laptop - in every colour, style, size and technical spec - is featured on the site at the lowest possible price.&lt;/p&gt;\r\n', 'Trousers', '', '');
INSERT INTO `oc_category_description` (`category_id`, `language_id`, `name`, `description`, `meta_title`, `meta_description`, `meta_keyword`) VALUES ('27', '1', 'monitor', '&lt;p&gt;\r\n\tShop Laptop feature only the best laptop deals on the market. By comparing laptop deals from the likes of PC World, Comet, Dixons, The Link and Carphone Warehouse, Shop Laptop has the most comprehensive selection of laptops on the internet. At Shop Laptop, we pride ourselves on offering customers the very best laptop deals. From refurbished laptops to netbooks, Shop Laptop ensures that every laptop - in every colour, style, size and technical spec - is featured on the site at the lowest possible price.&lt;/p&gt;\r\n', 'monitor', '', '');
INSERT INTO `oc_category_description` (`category_id`, `language_id`, `name`, `description`, `meta_title`, `meta_description`, `meta_keyword`) VALUES ('26', '1', 'Tomboy', '&lt;p&gt;\r\n\tShop Laptop feature only the best laptop deals on the market. By comparing laptop deals from the likes of PC World, Comet, Dixons, The Link and Carphone Warehouse, Shop Laptop has the most comprehensive selection of laptops on the internet. At Shop Laptop, we pride ourselves on offering customers the very best laptop deals. From refurbished laptops to netbooks, Shop Laptop ensures that every laptop - in every colour, style, size and technical spec - is featured on the site at the lowest possible price.&lt;/p&gt;\r\n', 'Tomboy', '', '');
INSERT INTO `oc_category_description` (`category_id`, `language_id`, `name`, `description`, `meta_title`, `meta_description`, `meta_keyword`) VALUES ('17', '2', 'Mobile', '&lt;p&gt;\r\n\tShop Laptop feature only the best laptop deals on the market. By comparing laptop deals from the likes of PC World, Comet, Dixons, The Link and Carphone Warehouse, Shop Laptop has the most comprehensive selection of laptops on the internet. At Shop Laptop, we pride ourselves on offering customers the very best laptop deals. From refurbished laptops to netbooks, Shop Laptop ensures that every laptop - in every colour, style, size and technical spec - is featured on the site at the lowest possible price.&lt;/p&gt;\r\n', 'Mobile', '', '');
INSERT INTO `oc_category_description` (`category_id`, `language_id`, `name`, `description`, `meta_title`, `meta_description`, `meta_keyword`) VALUES ('33', '2', 'Speaker', '&lt;p&gt;\r\n\tShop Laptop feature only the best laptop deals on the market. By comparing laptop deals from the likes of PC World, Comet, Dixons, The Link and Carphone Warehouse, Shop Laptop has the most comprehensive selection of laptops on the internet. At Shop Laptop, we pride ourselves on offering customers the very best laptop deals. From refurbished laptops to netbooks, Shop Laptop ensures that every laptop - in every colour, style, size and technical spec - is featured on the site at the lowest possible price.&lt;/p&gt;\r\n', 'Speaker', '', '');
INSERT INTO `oc_category_description` (`category_id`, `language_id`, `name`, `description`, `meta_title`, `meta_description`, `meta_keyword`) VALUES ('47', '2', 'Kids', '&lt;p&gt;\r\n\tShop Laptop feature only the best laptop deals on the market. By comparing laptop deals from the likes of PC World, Comet, Dixons, The Link and Carphone Warehouse, Shop Laptop has the most comprehensive selection of laptops on the internet. At Shop Laptop, we pride ourselves on offering customers the very best laptop deals. From refurbished laptops to netbooks, Shop Laptop ensures that every laptop - in every colour, style, size and technical spec - is featured on the site at the lowest possible price.&lt;/p&gt;\r\n', 'Kids', '', '');
INSERT INTO `oc_category_description` (`category_id`, `language_id`, `name`, `description`, `meta_title`, `meta_description`, `meta_keyword`) VALUES ('49', '2', 'printers', '&lt;p&gt;\r\n\tShop Laptop feature only the best laptop deals on the market. By comparing laptop deals from the likes of PC World, Comet, Dixons, The Link and Carphone Warehouse, Shop Laptop has the most comprehensive selection of laptops on the internet. At Shop Laptop, we pride ourselves on offering customers the very best laptop deals. From refurbished laptops to netbooks, Shop Laptop ensures that every laptop - in every colour, style, size and technical spec - is featured on the site at the lowest possible price.&lt;/p&gt;\r\n', 'printers', '', '');
INSERT INTO `oc_category_description` (`category_id`, `language_id`, `name`, `description`, `meta_title`, `meta_description`, `meta_keyword`) VALUES ('38', '2', 'Ethentic Wear', '&lt;p&gt;\r\n\tShop Laptop feature only the best laptop deals on the market. By comparing laptop deals from the likes of PC World, Comet, Dixons, The Link and Carphone Warehouse, Shop Laptop has the most comprehensive selection of laptops on the internet. At Shop Laptop, we pride ourselves on offering customers the very best laptop deals. From refurbished laptops to netbooks, Shop Laptop ensures that every laptop - in every colour, style, size and technical spec - is featured on the site at the lowest possible price.&lt;/p&gt;\r\n', 'Ethentic Wear', '', '');
INSERT INTO `oc_category_description` (`category_id`, `language_id`, `name`, `description`, `meta_title`, `meta_description`, `meta_keyword`) VALUES ('25', '1', 'Home &amp; Furniture', '&lt;p&gt;\r\n\tShop Laptop feature only the best laptop deals on the market. By comparing laptop deals from the likes of PC World, Comet, Dixons, The Link and Carphone Warehouse, Shop Laptop has the most comprehensive selection of laptops on the internet. At Shop Laptop, we pride ourselves on offering customers the very best laptop deals. From refurbished laptops to netbooks, Shop Laptop ensures that every laptop - in every colour, style, size and technical spec - is featured on the site at the lowest possible price.&lt;/p&gt;\r\n', 'Home &amp; Furniture', '', '');
INSERT INTO `oc_category_description` (`category_id`, `language_id`, `name`, `description`, `meta_title`, `meta_description`, `meta_keyword`) VALUES ('24', '1', 'Beauty &amp; Health', '&lt;p&gt;\r\n\tShop Laptop feature only the best laptop deals on the market. By comparing laptop deals from the likes of PC World, Comet, Dixons, The Link and Carphone Warehouse, Shop Laptop has the most comprehensive selection of laptops on the internet. At Shop Laptop, we pride ourselves on offering customers the very best laptop deals. From refurbished laptops to netbooks, Shop Laptop ensures that every laptop - in every colour, style, size and technical spec - is featured on the site at the lowest possible price.&lt;/p&gt;\r\n', 'Beauty &amp; Health', '', '');
INSERT INTO `oc_category_description` (`category_id`, `language_id`, `name`, `description`, `meta_title`, `meta_description`, `meta_keyword`) VALUES ('47', '1', 'Kids', '&lt;p&gt;\r\n\tShop Laptop feature only the best laptop deals on the market. By comparing laptop deals from the likes of PC World, Comet, Dixons, The Link and Carphone Warehouse, Shop Laptop has the most comprehensive selection of laptops on the internet. At Shop Laptop, we pride ourselves on offering customers the very best laptop deals. From refurbished laptops to netbooks, Shop Laptop ensures that every laptop - in every colour, style, size and technical spec - is featured on the site at the lowest possible price.&lt;/p&gt;\r\n', 'Kids', '', '');
INSERT INTO `oc_category_description` (`category_id`, `language_id`, `name`, `description`, `meta_title`, `meta_description`, `meta_keyword`) VALUES ('57', '1', 'Sports', '&lt;p&gt;\r\n\tShop Laptop feature only the best laptop deals on the market. By comparing laptop deals from the likes of PC World, Comet, Dixons, The Link and Carphone Warehouse, Shop Laptop has the most comprehensive selection of laptops on the internet. At Shop Laptop, we pride ourselves on offering customers the very best laptop deals. From refurbished laptops to netbooks, Shop Laptop ensures that every laptop - in every colour, style, size and technical spec - is featured on the site at the lowest possible price.&lt;/p&gt;\r\n', 'Sports', '', '');
INSERT INTO `oc_category_description` (`category_id`, `language_id`, `name`, `description`, `meta_title`, `meta_description`, `meta_keyword`) VALUES ('70', '2', 'laptop', '', 'laptop', '', '');
INSERT INTO `oc_category_description` (`category_id`, `language_id`, `name`, `description`, `meta_title`, `meta_description`, `meta_keyword`) VALUES ('72', '2', 'bag', '', 'bag', '', '');
INSERT INTO `oc_category_description` (`category_id`, `language_id`, `name`, `description`, `meta_title`, `meta_description`, `meta_keyword`) VALUES ('74', '1', 'Classics', '', 'Classics', '', '');
INSERT INTO `oc_category_description` (`category_id`, `language_id`, `name`, `description`, `meta_title`, `meta_description`, `meta_keyword`) VALUES ('42', '1', 'Jackets', '&lt;p&gt;\r\n\tShop Laptop feature only the best laptop deals on the market. By comparing laptop deals from the likes of PC World, Comet, Dixons, The Link and Carphone Warehouse, Shop Laptop has the most comprehensive selection of laptops on the internet. At Shop Laptop, we pride ourselves on offering customers the very best laptop deals. From refurbished laptops to netbooks, Shop Laptop ensures that every laptop - in every colour, style, size and technical spec - is featured on the site at the lowest possible price.&lt;/p&gt;\r\n', 'Jackets', '', '');
INSERT INTO `oc_category_description` (`category_id`, `language_id`, `name`, `description`, `meta_title`, `meta_description`, `meta_keyword`) VALUES ('69', '1', 'headphones', '', 'headphones', '', '');
INSERT INTO `oc_category_description` (`category_id`, `language_id`, `name`, `description`, `meta_title`, `meta_description`, `meta_keyword`) VALUES ('72', '1', 'bag', '', 'bag', '', '');
INSERT INTO `oc_category_description` (`category_id`, `language_id`, `name`, `description`, `meta_title`, `meta_description`, `meta_keyword`) VALUES ('71', '2', 'tablet', '', 'tablet', '', '');
INSERT INTO `oc_category_description` (`category_id`, `language_id`, `name`, `description`, `meta_title`, `meta_description`, `meta_keyword`) VALUES ('73', '2', 'track pant', '', 'track pant', '', '');
INSERT INTO `oc_category_description` (`category_id`, `language_id`, `name`, `description`, `meta_title`, `meta_description`, `meta_keyword`) VALUES ('48', '2', 'Hoodies', '', 'Hoodies', '', '');
INSERT INTO `oc_category_description` (`category_id`, `language_id`, `name`, `description`, `meta_title`, `meta_description`, `meta_keyword`) VALUES ('20', '1', 'Electronics', '&lt;p&gt;\r\n\tShop Laptop feature only the best laptop deals on the market. By comparing laptop deals from the likes of PC World, Comet, Dixons, The Link and Carphone Warehouse, Shop Laptop has the most comprehensive selection of laptops on the internet. At Shop Laptop, we pride ourselves on offering customers the very best laptop deals. From refurbished laptops to netbooks, Shop Laptop ensures that every laptop - in every colour, style, size and technical spec - is featured on the site at the lowest possible price.&lt;/p&gt;\r\n', 'Electronics', 'Example of category description', '');
INSERT INTO `oc_category_description` (`category_id`, `language_id`, `name`, `description`, `meta_title`, `meta_description`, `meta_keyword`) VALUES ('18', '2', 'Clothes', '&lt;p&gt;\r\n\tShop Laptop feature only the best laptop deals on the market. By comparing laptop deals from the likes of PC World, Comet, Dixons, The Link and Carphone Warehouse, Shop Laptop has the most comprehensive selection of laptops on the internet. At Shop Laptop, we pride ourselves on offering customers the very best laptop deals. From refurbished laptops to netbooks, Shop Laptop ensures that every laptop - in every colour, style, size and technical spec - is featured on the site at the lowest possible price.&lt;/p&gt;\r\n', 'Clothes', '', '');
INSERT INTO `oc_category_description` (`category_id`, `language_id`, `name`, `description`, `meta_title`, `meta_description`, `meta_keyword`) VALUES ('74', '2', 'Classics', '', 'Classics', '', '');
INSERT INTO `oc_category_description` (`category_id`, `language_id`, `name`, `description`, `meta_title`, `meta_description`, `meta_keyword`) VALUES ('71', '1', 'tablet', '', 'tablet', '', '');
INSERT INTO `oc_category_description` (`category_id`, `language_id`, `name`, `description`, `meta_title`, `meta_description`, `meta_keyword`) VALUES ('70', '1', 'laptop', '', 'laptop', '', '');
INSERT INTO `oc_category_description` (`category_id`, `language_id`, `name`, `description`, `meta_title`, `meta_description`, `meta_keyword`) VALUES ('73', '1', 'track pant', '', 'track pant', '', '');
INSERT INTO `oc_category_description` (`category_id`, `language_id`, `name`, `description`, `meta_title`, `meta_description`, `meta_keyword`) VALUES ('32', '2', 'Bracelet Bag', '&lt;p&gt;\r\n\tShop Laptop feature only the best laptop deals on the market. By comparing laptop deals from the likes of PC World, Comet, Dixons, The Link and Carphone Warehouse, Shop Laptop has the most comprehensive selection of laptops on the internet. At Shop Laptop, we pride ourselves on offering customers the very best laptop deals. From refurbished laptops to netbooks, Shop Laptop ensures that every laptop - in every colour, style, size and technical spec - is featured on the site at the lowest possible price.&lt;/p&gt;\r\n', 'Bracelet Bag', '', '');
INSERT INTO `oc_category_description` (`category_id`, `language_id`, `name`, `description`, `meta_title`, `meta_description`, `meta_keyword`) VALUES ('69', '2', 'headphones', '', 'headphones', '', '');


TRUNCATE TABLE `oc_category_filter`;

INSERT INTO `oc_category_filter` (`category_id`, `filter_id`) VALUES ('17', '1');
INSERT INTO `oc_category_filter` (`category_id`, `filter_id`) VALUES ('17', '2');
INSERT INTO `oc_category_filter` (`category_id`, `filter_id`) VALUES ('17', '3');
INSERT INTO `oc_category_filter` (`category_id`, `filter_id`) VALUES ('17', '4');
INSERT INTO `oc_category_filter` (`category_id`, `filter_id`) VALUES ('17', '5');
INSERT INTO `oc_category_filter` (`category_id`, `filter_id`) VALUES ('17', '6');
INSERT INTO `oc_category_filter` (`category_id`, `filter_id`) VALUES ('17', '7');
INSERT INTO `oc_category_filter` (`category_id`, `filter_id`) VALUES ('17', '8');
INSERT INTO `oc_category_filter` (`category_id`, `filter_id`) VALUES ('18', '1');
INSERT INTO `oc_category_filter` (`category_id`, `filter_id`) VALUES ('18', '2');
INSERT INTO `oc_category_filter` (`category_id`, `filter_id`) VALUES ('18', '3');
INSERT INTO `oc_category_filter` (`category_id`, `filter_id`) VALUES ('18', '4');
INSERT INTO `oc_category_filter` (`category_id`, `filter_id`) VALUES ('18', '5');
INSERT INTO `oc_category_filter` (`category_id`, `filter_id`) VALUES ('18', '6');
INSERT INTO `oc_category_filter` (`category_id`, `filter_id`) VALUES ('18', '7');
INSERT INTO `oc_category_filter` (`category_id`, `filter_id`) VALUES ('18', '8');
INSERT INTO `oc_category_filter` (`category_id`, `filter_id`) VALUES ('20', '1');
INSERT INTO `oc_category_filter` (`category_id`, `filter_id`) VALUES ('20', '2');
INSERT INTO `oc_category_filter` (`category_id`, `filter_id`) VALUES ('20', '3');
INSERT INTO `oc_category_filter` (`category_id`, `filter_id`) VALUES ('20', '4');
INSERT INTO `oc_category_filter` (`category_id`, `filter_id`) VALUES ('20', '5');
INSERT INTO `oc_category_filter` (`category_id`, `filter_id`) VALUES ('20', '6');
INSERT INTO `oc_category_filter` (`category_id`, `filter_id`) VALUES ('20', '7');
INSERT INTO `oc_category_filter` (`category_id`, `filter_id`) VALUES ('20', '8');
INSERT INTO `oc_category_filter` (`category_id`, `filter_id`) VALUES ('24', '1');
INSERT INTO `oc_category_filter` (`category_id`, `filter_id`) VALUES ('24', '2');
INSERT INTO `oc_category_filter` (`category_id`, `filter_id`) VALUES ('24', '3');
INSERT INTO `oc_category_filter` (`category_id`, `filter_id`) VALUES ('24', '4');
INSERT INTO `oc_category_filter` (`category_id`, `filter_id`) VALUES ('24', '5');
INSERT INTO `oc_category_filter` (`category_id`, `filter_id`) VALUES ('24', '6');
INSERT INTO `oc_category_filter` (`category_id`, `filter_id`) VALUES ('24', '7');
INSERT INTO `oc_category_filter` (`category_id`, `filter_id`) VALUES ('24', '8');
INSERT INTO `oc_category_filter` (`category_id`, `filter_id`) VALUES ('25', '1');
INSERT INTO `oc_category_filter` (`category_id`, `filter_id`) VALUES ('25', '2');
INSERT INTO `oc_category_filter` (`category_id`, `filter_id`) VALUES ('25', '3');
INSERT INTO `oc_category_filter` (`category_id`, `filter_id`) VALUES ('25', '4');
INSERT INTO `oc_category_filter` (`category_id`, `filter_id`) VALUES ('25', '5');
INSERT INTO `oc_category_filter` (`category_id`, `filter_id`) VALUES ('25', '6');
INSERT INTO `oc_category_filter` (`category_id`, `filter_id`) VALUES ('25', '7');
INSERT INTO `oc_category_filter` (`category_id`, `filter_id`) VALUES ('25', '8');
INSERT INTO `oc_category_filter` (`category_id`, `filter_id`) VALUES ('33', '1');
INSERT INTO `oc_category_filter` (`category_id`, `filter_id`) VALUES ('33', '2');
INSERT INTO `oc_category_filter` (`category_id`, `filter_id`) VALUES ('33', '3');
INSERT INTO `oc_category_filter` (`category_id`, `filter_id`) VALUES ('33', '4');
INSERT INTO `oc_category_filter` (`category_id`, `filter_id`) VALUES ('33', '5');
INSERT INTO `oc_category_filter` (`category_id`, `filter_id`) VALUES ('33', '6');
INSERT INTO `oc_category_filter` (`category_id`, `filter_id`) VALUES ('33', '7');
INSERT INTO `oc_category_filter` (`category_id`, `filter_id`) VALUES ('33', '8');
INSERT INTO `oc_category_filter` (`category_id`, `filter_id`) VALUES ('34', '1');
INSERT INTO `oc_category_filter` (`category_id`, `filter_id`) VALUES ('34', '2');
INSERT INTO `oc_category_filter` (`category_id`, `filter_id`) VALUES ('34', '3');
INSERT INTO `oc_category_filter` (`category_id`, `filter_id`) VALUES ('34', '4');
INSERT INTO `oc_category_filter` (`category_id`, `filter_id`) VALUES ('34', '5');
INSERT INTO `oc_category_filter` (`category_id`, `filter_id`) VALUES ('34', '6');
INSERT INTO `oc_category_filter` (`category_id`, `filter_id`) VALUES ('34', '7');
INSERT INTO `oc_category_filter` (`category_id`, `filter_id`) VALUES ('34', '8');
INSERT INTO `oc_category_filter` (`category_id`, `filter_id`) VALUES ('43', '1');
INSERT INTO `oc_category_filter` (`category_id`, `filter_id`) VALUES ('43', '2');
INSERT INTO `oc_category_filter` (`category_id`, `filter_id`) VALUES ('43', '3');
INSERT INTO `oc_category_filter` (`category_id`, `filter_id`) VALUES ('43', '4');
INSERT INTO `oc_category_filter` (`category_id`, `filter_id`) VALUES ('43', '5');
INSERT INTO `oc_category_filter` (`category_id`, `filter_id`) VALUES ('43', '6');
INSERT INTO `oc_category_filter` (`category_id`, `filter_id`) VALUES ('43', '7');
INSERT INTO `oc_category_filter` (`category_id`, `filter_id`) VALUES ('43', '8');
INSERT INTO `oc_category_filter` (`category_id`, `filter_id`) VALUES ('52', '1');
INSERT INTO `oc_category_filter` (`category_id`, `filter_id`) VALUES ('52', '2');
INSERT INTO `oc_category_filter` (`category_id`, `filter_id`) VALUES ('52', '3');
INSERT INTO `oc_category_filter` (`category_id`, `filter_id`) VALUES ('52', '4');
INSERT INTO `oc_category_filter` (`category_id`, `filter_id`) VALUES ('52', '5');
INSERT INTO `oc_category_filter` (`category_id`, `filter_id`) VALUES ('52', '6');
INSERT INTO `oc_category_filter` (`category_id`, `filter_id`) VALUES ('52', '7');
INSERT INTO `oc_category_filter` (`category_id`, `filter_id`) VALUES ('52', '8');
INSERT INTO `oc_category_filter` (`category_id`, `filter_id`) VALUES ('56', '1');
INSERT INTO `oc_category_filter` (`category_id`, `filter_id`) VALUES ('56', '2');
INSERT INTO `oc_category_filter` (`category_id`, `filter_id`) VALUES ('56', '3');
INSERT INTO `oc_category_filter` (`category_id`, `filter_id`) VALUES ('56', '4');
INSERT INTO `oc_category_filter` (`category_id`, `filter_id`) VALUES ('56', '5');
INSERT INTO `oc_category_filter` (`category_id`, `filter_id`) VALUES ('56', '6');
INSERT INTO `oc_category_filter` (`category_id`, `filter_id`) VALUES ('56', '7');
INSERT INTO `oc_category_filter` (`category_id`, `filter_id`) VALUES ('56', '8');
INSERT INTO `oc_category_filter` (`category_id`, `filter_id`) VALUES ('57', '1');
INSERT INTO `oc_category_filter` (`category_id`, `filter_id`) VALUES ('57', '2');
INSERT INTO `oc_category_filter` (`category_id`, `filter_id`) VALUES ('57', '3');
INSERT INTO `oc_category_filter` (`category_id`, `filter_id`) VALUES ('57', '4');
INSERT INTO `oc_category_filter` (`category_id`, `filter_id`) VALUES ('57', '5');
INSERT INTO `oc_category_filter` (`category_id`, `filter_id`) VALUES ('57', '6');
INSERT INTO `oc_category_filter` (`category_id`, `filter_id`) VALUES ('57', '7');
INSERT INTO `oc_category_filter` (`category_id`, `filter_id`) VALUES ('57', '8');


TRUNCATE TABLE `oc_category_path`;

INSERT INTO `oc_category_path` (`category_id`, `path_id`, `level`) VALUES ('25', '25', '0');
INSERT INTO `oc_category_path` (`category_id`, `path_id`, `level`) VALUES ('36', '25', '0');
INSERT INTO `oc_category_path` (`category_id`, `path_id`, `level`) VALUES ('28', '28', '1');
INSERT INTO `oc_category_path` (`category_id`, `path_id`, `level`) VALUES ('35', '25', '0');
INSERT INTO `oc_category_path` (`category_id`, `path_id`, `level`) VALUES ('35', '28', '1');
INSERT INTO `oc_category_path` (`category_id`, `path_id`, `level`) VALUES ('35', '35', '2');
INSERT INTO `oc_category_path` (`category_id`, `path_id`, `level`) VALUES ('36', '28', '1');
INSERT INTO `oc_category_path` (`category_id`, `path_id`, `level`) VALUES ('28', '25', '0');
INSERT INTO `oc_category_path` (`category_id`, `path_id`, `level`) VALUES ('36', '36', '2');
INSERT INTO `oc_category_path` (`category_id`, `path_id`, `level`) VALUES ('29', '25', '0');
INSERT INTO `oc_category_path` (`category_id`, `path_id`, `level`) VALUES ('29', '29', '1');
INSERT INTO `oc_category_path` (`category_id`, `path_id`, `level`) VALUES ('30', '25', '0');
INSERT INTO `oc_category_path` (`category_id`, `path_id`, `level`) VALUES ('30', '30', '1');
INSERT INTO `oc_category_path` (`category_id`, `path_id`, `level`) VALUES ('31', '25', '0');
INSERT INTO `oc_category_path` (`category_id`, `path_id`, `level`) VALUES ('31', '31', '1');
INSERT INTO `oc_category_path` (`category_id`, `path_id`, `level`) VALUES ('32', '25', '0');
INSERT INTO `oc_category_path` (`category_id`, `path_id`, `level`) VALUES ('32', '32', '1');
INSERT INTO `oc_category_path` (`category_id`, `path_id`, `level`) VALUES ('20', '20', '0');
INSERT INTO `oc_category_path` (`category_id`, `path_id`, `level`) VALUES ('27', '20', '0');
INSERT INTO `oc_category_path` (`category_id`, `path_id`, `level`) VALUES ('27', '27', '1');
INSERT INTO `oc_category_path` (`category_id`, `path_id`, `level`) VALUES ('26', '20', '0');
INSERT INTO `oc_category_path` (`category_id`, `path_id`, `level`) VALUES ('26', '26', '1');
INSERT INTO `oc_category_path` (`category_id`, `path_id`, `level`) VALUES ('24', '24', '0');
INSERT INTO `oc_category_path` (`category_id`, `path_id`, `level`) VALUES ('18', '18', '0');
INSERT INTO `oc_category_path` (`category_id`, `path_id`, `level`) VALUES ('45', '18', '0');
INSERT INTO `oc_category_path` (`category_id`, `path_id`, `level`) VALUES ('45', '45', '1');
INSERT INTO `oc_category_path` (`category_id`, `path_id`, `level`) VALUES ('46', '18', '0');
INSERT INTO `oc_category_path` (`category_id`, `path_id`, `level`) VALUES ('46', '46', '1');
INSERT INTO `oc_category_path` (`category_id`, `path_id`, `level`) VALUES ('17', '17', '0');
INSERT INTO `oc_category_path` (`category_id`, `path_id`, `level`) VALUES ('33', '33', '0');
INSERT INTO `oc_category_path` (`category_id`, `path_id`, `level`) VALUES ('34', '34', '0');
INSERT INTO `oc_category_path` (`category_id`, `path_id`, `level`) VALUES ('37', '34', '0');
INSERT INTO `oc_category_path` (`category_id`, `path_id`, `level`) VALUES ('37', '37', '1');
INSERT INTO `oc_category_path` (`category_id`, `path_id`, `level`) VALUES ('38', '34', '0');
INSERT INTO `oc_category_path` (`category_id`, `path_id`, `level`) VALUES ('38', '38', '1');
INSERT INTO `oc_category_path` (`category_id`, `path_id`, `level`) VALUES ('39', '34', '0');
INSERT INTO `oc_category_path` (`category_id`, `path_id`, `level`) VALUES ('39', '39', '1');
INSERT INTO `oc_category_path` (`category_id`, `path_id`, `level`) VALUES ('40', '34', '0');
INSERT INTO `oc_category_path` (`category_id`, `path_id`, `level`) VALUES ('40', '40', '1');
INSERT INTO `oc_category_path` (`category_id`, `path_id`, `level`) VALUES ('41', '34', '0');
INSERT INTO `oc_category_path` (`category_id`, `path_id`, `level`) VALUES ('41', '41', '1');
INSERT INTO `oc_category_path` (`category_id`, `path_id`, `level`) VALUES ('42', '34', '0');
INSERT INTO `oc_category_path` (`category_id`, `path_id`, `level`) VALUES ('42', '42', '1');
INSERT INTO `oc_category_path` (`category_id`, `path_id`, `level`) VALUES ('43', '43', '0');
INSERT INTO `oc_category_path` (`category_id`, `path_id`, `level`) VALUES ('44', '34', '0');
INSERT INTO `oc_category_path` (`category_id`, `path_id`, `level`) VALUES ('44', '44', '1');
INSERT INTO `oc_category_path` (`category_id`, `path_id`, `level`) VALUES ('47', '20', '0');
INSERT INTO `oc_category_path` (`category_id`, `path_id`, `level`) VALUES ('47', '47', '1');
INSERT INTO `oc_category_path` (`category_id`, `path_id`, `level`) VALUES ('48', '34', '0');
INSERT INTO `oc_category_path` (`category_id`, `path_id`, `level`) VALUES ('48', '48', '1');
INSERT INTO `oc_category_path` (`category_id`, `path_id`, `level`) VALUES ('49', '20', '0');
INSERT INTO `oc_category_path` (`category_id`, `path_id`, `level`) VALUES ('49', '49', '1');
INSERT INTO `oc_category_path` (`category_id`, `path_id`, `level`) VALUES ('50', '34', '0');
INSERT INTO `oc_category_path` (`category_id`, `path_id`, `level`) VALUES ('50', '50', '1');
INSERT INTO `oc_category_path` (`category_id`, `path_id`, `level`) VALUES ('51', '34', '0');
INSERT INTO `oc_category_path` (`category_id`, `path_id`, `level`) VALUES ('51', '51', '1');
INSERT INTO `oc_category_path` (`category_id`, `path_id`, `level`) VALUES ('52', '52', '0');
INSERT INTO `oc_category_path` (`category_id`, `path_id`, `level`) VALUES ('58', '20', '0');
INSERT INTO `oc_category_path` (`category_id`, `path_id`, `level`) VALUES ('58', '58', '1');
INSERT INTO `oc_category_path` (`category_id`, `path_id`, `level`) VALUES ('53', '34', '0');
INSERT INTO `oc_category_path` (`category_id`, `path_id`, `level`) VALUES ('53', '53', '1');
INSERT INTO `oc_category_path` (`category_id`, `path_id`, `level`) VALUES ('54', '34', '0');
INSERT INTO `oc_category_path` (`category_id`, `path_id`, `level`) VALUES ('54', '54', '1');
INSERT INTO `oc_category_path` (`category_id`, `path_id`, `level`) VALUES ('55', '34', '0');
INSERT INTO `oc_category_path` (`category_id`, `path_id`, `level`) VALUES ('55', '55', '1');
INSERT INTO `oc_category_path` (`category_id`, `path_id`, `level`) VALUES ('56', '56', '0');
INSERT INTO `oc_category_path` (`category_id`, `path_id`, `level`) VALUES ('57', '57', '0');
INSERT INTO `oc_category_path` (`category_id`, `path_id`, `level`) VALUES ('59', '59', '2');
INSERT INTO `oc_category_path` (`category_id`, `path_id`, `level`) VALUES ('60', '60', '2');
INSERT INTO `oc_category_path` (`category_id`, `path_id`, `level`) VALUES ('59', '46', '1');
INSERT INTO `oc_category_path` (`category_id`, `path_id`, `level`) VALUES ('59', '18', '0');
INSERT INTO `oc_category_path` (`category_id`, `path_id`, `level`) VALUES ('60', '45', '1');
INSERT INTO `oc_category_path` (`category_id`, `path_id`, `level`) VALUES ('60', '18', '0');
INSERT INTO `oc_category_path` (`category_id`, `path_id`, `level`) VALUES ('61', '18', '0');
INSERT INTO `oc_category_path` (`category_id`, `path_id`, `level`) VALUES ('61', '46', '1');
INSERT INTO `oc_category_path` (`category_id`, `path_id`, `level`) VALUES ('61', '61', '2');
INSERT INTO `oc_category_path` (`category_id`, `path_id`, `level`) VALUES ('62', '45', '1');
INSERT INTO `oc_category_path` (`category_id`, `path_id`, `level`) VALUES ('62', '18', '0');
INSERT INTO `oc_category_path` (`category_id`, `path_id`, `level`) VALUES ('62', '62', '2');
INSERT INTO `oc_category_path` (`category_id`, `path_id`, `level`) VALUES ('69', '69', '1');
INSERT INTO `oc_category_path` (`category_id`, `path_id`, `level`) VALUES ('69', '18', '0');
INSERT INTO `oc_category_path` (`category_id`, `path_id`, `level`) VALUES ('70', '69', '1');
INSERT INTO `oc_category_path` (`category_id`, `path_id`, `level`) VALUES ('70', '18', '0');
INSERT INTO `oc_category_path` (`category_id`, `path_id`, `level`) VALUES ('70', '70', '2');
INSERT INTO `oc_category_path` (`category_id`, `path_id`, `level`) VALUES ('71', '69', '1');
INSERT INTO `oc_category_path` (`category_id`, `path_id`, `level`) VALUES ('71', '18', '0');
INSERT INTO `oc_category_path` (`category_id`, `path_id`, `level`) VALUES ('71', '71', '2');
INSERT INTO `oc_category_path` (`category_id`, `path_id`, `level`) VALUES ('72', '69', '1');
INSERT INTO `oc_category_path` (`category_id`, `path_id`, `level`) VALUES ('72', '18', '0');
INSERT INTO `oc_category_path` (`category_id`, `path_id`, `level`) VALUES ('72', '72', '2');
INSERT INTO `oc_category_path` (`category_id`, `path_id`, `level`) VALUES ('73', '18', '0');
INSERT INTO `oc_category_path` (`category_id`, `path_id`, `level`) VALUES ('73', '46', '1');
INSERT INTO `oc_category_path` (`category_id`, `path_id`, `level`) VALUES ('73', '73', '2');
INSERT INTO `oc_category_path` (`category_id`, `path_id`, `level`) VALUES ('74', '18', '0');
INSERT INTO `oc_category_path` (`category_id`, `path_id`, `level`) VALUES ('74', '45', '1');
INSERT INTO `oc_category_path` (`category_id`, `path_id`, `level`) VALUES ('74', '74', '2');


TRUNCATE TABLE `oc_category_to_layout`;

INSERT INTO `oc_category_to_layout` (`category_id`, `store_id`, `layout_id`) VALUES ('34', '0', '0');
INSERT INTO `oc_category_to_layout` (`category_id`, `store_id`, `layout_id`) VALUES ('43', '0', '0');
INSERT INTO `oc_category_to_layout` (`category_id`, `store_id`, `layout_id`) VALUES ('44', '0', '0');
INSERT INTO `oc_category_to_layout` (`category_id`, `store_id`, `layout_id`) VALUES ('47', '0', '0');
INSERT INTO `oc_category_to_layout` (`category_id`, `store_id`, `layout_id`) VALUES ('48', '0', '0');
INSERT INTO `oc_category_to_layout` (`category_id`, `store_id`, `layout_id`) VALUES ('49', '0', '0');
INSERT INTO `oc_category_to_layout` (`category_id`, `store_id`, `layout_id`) VALUES ('50', '0', '0');
INSERT INTO `oc_category_to_layout` (`category_id`, `store_id`, `layout_id`) VALUES ('51', '0', '0');
INSERT INTO `oc_category_to_layout` (`category_id`, `store_id`, `layout_id`) VALUES ('52', '0', '0');
INSERT INTO `oc_category_to_layout` (`category_id`, `store_id`, `layout_id`) VALUES ('53', '0', '0');
INSERT INTO `oc_category_to_layout` (`category_id`, `store_id`, `layout_id`) VALUES ('58', '0', '0');
INSERT INTO `oc_category_to_layout` (`category_id`, `store_id`, `layout_id`) VALUES ('54', '0', '0');
INSERT INTO `oc_category_to_layout` (`category_id`, `store_id`, `layout_id`) VALUES ('55', '0', '0');
INSERT INTO `oc_category_to_layout` (`category_id`, `store_id`, `layout_id`) VALUES ('56', '0', '0');
INSERT INTO `oc_category_to_layout` (`category_id`, `store_id`, `layout_id`) VALUES ('38', '0', '0');
INSERT INTO `oc_category_to_layout` (`category_id`, `store_id`, `layout_id`) VALUES ('37', '0', '0');
INSERT INTO `oc_category_to_layout` (`category_id`, `store_id`, `layout_id`) VALUES ('39', '0', '0');
INSERT INTO `oc_category_to_layout` (`category_id`, `store_id`, `layout_id`) VALUES ('40', '0', '0');
INSERT INTO `oc_category_to_layout` (`category_id`, `store_id`, `layout_id`) VALUES ('42', '0', '0');
INSERT INTO `oc_category_to_layout` (`category_id`, `store_id`, `layout_id`) VALUES ('41', '0', '0');
INSERT INTO `oc_category_to_layout` (`category_id`, `store_id`, `layout_id`) VALUES ('24', '0', '0');
INSERT INTO `oc_category_to_layout` (`category_id`, `store_id`, `layout_id`) VALUES ('17', '0', '0');
INSERT INTO `oc_category_to_layout` (`category_id`, `store_id`, `layout_id`) VALUES ('57', '0', '0');
INSERT INTO `oc_category_to_layout` (`category_id`, `store_id`, `layout_id`) VALUES ('18', '0', '0');
INSERT INTO `oc_category_to_layout` (`category_id`, `store_id`, `layout_id`) VALUES ('45', '0', '0');
INSERT INTO `oc_category_to_layout` (`category_id`, `store_id`, `layout_id`) VALUES ('46', '0', '0');
INSERT INTO `oc_category_to_layout` (`category_id`, `store_id`, `layout_id`) VALUES ('20', '0', '0');
INSERT INTO `oc_category_to_layout` (`category_id`, `store_id`, `layout_id`) VALUES ('27', '0', '0');
INSERT INTO `oc_category_to_layout` (`category_id`, `store_id`, `layout_id`) VALUES ('26', '0', '0');
INSERT INTO `oc_category_to_layout` (`category_id`, `store_id`, `layout_id`) VALUES ('25', '0', '0');
INSERT INTO `oc_category_to_layout` (`category_id`, `store_id`, `layout_id`) VALUES ('29', '0', '0');
INSERT INTO `oc_category_to_layout` (`category_id`, `store_id`, `layout_id`) VALUES ('28', '0', '0');
INSERT INTO `oc_category_to_layout` (`category_id`, `store_id`, `layout_id`) VALUES ('35', '0', '0');
INSERT INTO `oc_category_to_layout` (`category_id`, `store_id`, `layout_id`) VALUES ('36', '0', '0');
INSERT INTO `oc_category_to_layout` (`category_id`, `store_id`, `layout_id`) VALUES ('30', '0', '0');
INSERT INTO `oc_category_to_layout` (`category_id`, `store_id`, `layout_id`) VALUES ('31', '0', '0');
INSERT INTO `oc_category_to_layout` (`category_id`, `store_id`, `layout_id`) VALUES ('32', '0', '0');
INSERT INTO `oc_category_to_layout` (`category_id`, `store_id`, `layout_id`) VALUES ('33', '0', '0');
INSERT INTO `oc_category_to_layout` (`category_id`, `store_id`, `layout_id`) VALUES ('59', '0', '0');
INSERT INTO `oc_category_to_layout` (`category_id`, `store_id`, `layout_id`) VALUES ('60', '0', '0');
INSERT INTO `oc_category_to_layout` (`category_id`, `store_id`, `layout_id`) VALUES ('61', '0', '0');
INSERT INTO `oc_category_to_layout` (`category_id`, `store_id`, `layout_id`) VALUES ('62', '0', '0');
INSERT INTO `oc_category_to_layout` (`category_id`, `store_id`, `layout_id`) VALUES ('69', '0', '0');
INSERT INTO `oc_category_to_layout` (`category_id`, `store_id`, `layout_id`) VALUES ('70', '0', '0');
INSERT INTO `oc_category_to_layout` (`category_id`, `store_id`, `layout_id`) VALUES ('71', '0', '0');
INSERT INTO `oc_category_to_layout` (`category_id`, `store_id`, `layout_id`) VALUES ('72', '0', '0');
INSERT INTO `oc_category_to_layout` (`category_id`, `store_id`, `layout_id`) VALUES ('73', '0', '0');
INSERT INTO `oc_category_to_layout` (`category_id`, `store_id`, `layout_id`) VALUES ('74', '0', '0');


TRUNCATE TABLE `oc_category_to_store`;

INSERT INTO `oc_category_to_store` (`category_id`, `store_id`) VALUES ('17', '0');
INSERT INTO `oc_category_to_store` (`category_id`, `store_id`) VALUES ('18', '0');
INSERT INTO `oc_category_to_store` (`category_id`, `store_id`) VALUES ('20', '0');
INSERT INTO `oc_category_to_store` (`category_id`, `store_id`) VALUES ('24', '0');
INSERT INTO `oc_category_to_store` (`category_id`, `store_id`) VALUES ('25', '0');
INSERT INTO `oc_category_to_store` (`category_id`, `store_id`) VALUES ('26', '0');
INSERT INTO `oc_category_to_store` (`category_id`, `store_id`) VALUES ('27', '0');
INSERT INTO `oc_category_to_store` (`category_id`, `store_id`) VALUES ('28', '0');
INSERT INTO `oc_category_to_store` (`category_id`, `store_id`) VALUES ('29', '0');
INSERT INTO `oc_category_to_store` (`category_id`, `store_id`) VALUES ('30', '0');
INSERT INTO `oc_category_to_store` (`category_id`, `store_id`) VALUES ('31', '0');
INSERT INTO `oc_category_to_store` (`category_id`, `store_id`) VALUES ('32', '0');
INSERT INTO `oc_category_to_store` (`category_id`, `store_id`) VALUES ('33', '0');
INSERT INTO `oc_category_to_store` (`category_id`, `store_id`) VALUES ('34', '0');
INSERT INTO `oc_category_to_store` (`category_id`, `store_id`) VALUES ('35', '0');
INSERT INTO `oc_category_to_store` (`category_id`, `store_id`) VALUES ('36', '0');
INSERT INTO `oc_category_to_store` (`category_id`, `store_id`) VALUES ('37', '0');
INSERT INTO `oc_category_to_store` (`category_id`, `store_id`) VALUES ('38', '0');
INSERT INTO `oc_category_to_store` (`category_id`, `store_id`) VALUES ('39', '0');
INSERT INTO `oc_category_to_store` (`category_id`, `store_id`) VALUES ('40', '0');
INSERT INTO `oc_category_to_store` (`category_id`, `store_id`) VALUES ('41', '0');
INSERT INTO `oc_category_to_store` (`category_id`, `store_id`) VALUES ('42', '0');
INSERT INTO `oc_category_to_store` (`category_id`, `store_id`) VALUES ('43', '0');
INSERT INTO `oc_category_to_store` (`category_id`, `store_id`) VALUES ('44', '0');
INSERT INTO `oc_category_to_store` (`category_id`, `store_id`) VALUES ('45', '0');
INSERT INTO `oc_category_to_store` (`category_id`, `store_id`) VALUES ('46', '0');
INSERT INTO `oc_category_to_store` (`category_id`, `store_id`) VALUES ('47', '0');
INSERT INTO `oc_category_to_store` (`category_id`, `store_id`) VALUES ('48', '0');
INSERT INTO `oc_category_to_store` (`category_id`, `store_id`) VALUES ('49', '0');
INSERT INTO `oc_category_to_store` (`category_id`, `store_id`) VALUES ('50', '0');
INSERT INTO `oc_category_to_store` (`category_id`, `store_id`) VALUES ('51', '0');
INSERT INTO `oc_category_to_store` (`category_id`, `store_id`) VALUES ('52', '0');
INSERT INTO `oc_category_to_store` (`category_id`, `store_id`) VALUES ('53', '0');
INSERT INTO `oc_category_to_store` (`category_id`, `store_id`) VALUES ('54', '0');
INSERT INTO `oc_category_to_store` (`category_id`, `store_id`) VALUES ('55', '0');
INSERT INTO `oc_category_to_store` (`category_id`, `store_id`) VALUES ('56', '0');
INSERT INTO `oc_category_to_store` (`category_id`, `store_id`) VALUES ('57', '0');
INSERT INTO `oc_category_to_store` (`category_id`, `store_id`) VALUES ('58', '0');
INSERT INTO `oc_category_to_store` (`category_id`, `store_id`) VALUES ('59', '0');
INSERT INTO `oc_category_to_store` (`category_id`, `store_id`) VALUES ('60', '0');
INSERT INTO `oc_category_to_store` (`category_id`, `store_id`) VALUES ('61', '0');
INSERT INTO `oc_category_to_store` (`category_id`, `store_id`) VALUES ('62', '0');
INSERT INTO `oc_category_to_store` (`category_id`, `store_id`) VALUES ('69', '0');
INSERT INTO `oc_category_to_store` (`category_id`, `store_id`) VALUES ('70', '0');
INSERT INTO `oc_category_to_store` (`category_id`, `store_id`) VALUES ('71', '0');
INSERT INTO `oc_category_to_store` (`category_id`, `store_id`) VALUES ('72', '0');
INSERT INTO `oc_category_to_store` (`category_id`, `store_id`) VALUES ('73', '0');
INSERT INTO `oc_category_to_store` (`category_id`, `store_id`) VALUES ('74', '0');


TRUNCATE TABLE `oc_coupon_category`;



TRUNCATE TABLE `oc_extension`;

INSERT INTO `oc_extension` (`extension_id`, `type`, `code`) VALUES ('1', 'payment', 'cod');
INSERT INTO `oc_extension` (`extension_id`, `type`, `code`) VALUES ('2', 'total', 'shipping');
INSERT INTO `oc_extension` (`extension_id`, `type`, `code`) VALUES ('3', 'total', 'sub_total');
INSERT INTO `oc_extension` (`extension_id`, `type`, `code`) VALUES ('4', 'total', 'tax');
INSERT INTO `oc_extension` (`extension_id`, `type`, `code`) VALUES ('5', 'total', 'total');
INSERT INTO `oc_extension` (`extension_id`, `type`, `code`) VALUES ('6', 'module', 'banner');
INSERT INTO `oc_extension` (`extension_id`, `type`, `code`) VALUES ('7', 'module', 'carousel');
INSERT INTO `oc_extension` (`extension_id`, `type`, `code`) VALUES ('8', 'total', 'credit');
INSERT INTO `oc_extension` (`extension_id`, `type`, `code`) VALUES ('9', 'shipping', 'flat');
INSERT INTO `oc_extension` (`extension_id`, `type`, `code`) VALUES ('10', 'total', 'handling');
INSERT INTO `oc_extension` (`extension_id`, `type`, `code`) VALUES ('11', 'total', 'low_order_fee');
INSERT INTO `oc_extension` (`extension_id`, `type`, `code`) VALUES ('12', 'total', 'coupon');
INSERT INTO `oc_extension` (`extension_id`, `type`, `code`) VALUES ('13', 'module', 'category');
INSERT INTO `oc_extension` (`extension_id`, `type`, `code`) VALUES ('14', 'module', 'account');
INSERT INTO `oc_extension` (`extension_id`, `type`, `code`) VALUES ('15', 'total', 'reward');
INSERT INTO `oc_extension` (`extension_id`, `type`, `code`) VALUES ('16', 'total', 'voucher');
INSERT INTO `oc_extension` (`extension_id`, `type`, `code`) VALUES ('17', 'payment', 'free_checkout');
INSERT INTO `oc_extension` (`extension_id`, `type`, `code`) VALUES ('19', 'module', 'slideshow');
INSERT INTO `oc_extension` (`extension_id`, `type`, `code`) VALUES ('20', 'theme', 'default');
INSERT INTO `oc_extension` (`extension_id`, `type`, `code`) VALUES ('21', 'dashboard', 'activity');
INSERT INTO `oc_extension` (`extension_id`, `type`, `code`) VALUES ('22', 'dashboard', 'sale');
INSERT INTO `oc_extension` (`extension_id`, `type`, `code`) VALUES ('23', 'dashboard', 'recent');
INSERT INTO `oc_extension` (`extension_id`, `type`, `code`) VALUES ('24', 'dashboard', 'order');
INSERT INTO `oc_extension` (`extension_id`, `type`, `code`) VALUES ('25', 'dashboard', 'online');
INSERT INTO `oc_extension` (`extension_id`, `type`, `code`) VALUES ('26', 'dashboard', 'map');
INSERT INTO `oc_extension` (`extension_id`, `type`, `code`) VALUES ('27', 'dashboard', 'customer');
INSERT INTO `oc_extension` (`extension_id`, `type`, `code`) VALUES ('28', 'dashboard', 'chart');
INSERT INTO `oc_extension` (`extension_id`, `type`, `code`) VALUES ('29', 'report', 'sale_coupon');
INSERT INTO `oc_extension` (`extension_id`, `type`, `code`) VALUES ('31', 'report', 'customer_search');
INSERT INTO `oc_extension` (`extension_id`, `type`, `code`) VALUES ('32', 'report', 'customer_transaction');
INSERT INTO `oc_extension` (`extension_id`, `type`, `code`) VALUES ('33', 'report', 'product_purchased');
INSERT INTO `oc_extension` (`extension_id`, `type`, `code`) VALUES ('34', 'report', 'product_viewed');
INSERT INTO `oc_extension` (`extension_id`, `type`, `code`) VALUES ('35', 'report', 'sale_return');
INSERT INTO `oc_extension` (`extension_id`, `type`, `code`) VALUES ('36', 'report', 'sale_order');
INSERT INTO `oc_extension` (`extension_id`, `type`, `code`) VALUES ('37', 'report', 'sale_shipping');
INSERT INTO `oc_extension` (`extension_id`, `type`, `code`) VALUES ('38', 'report', 'sale_tax');
INSERT INTO `oc_extension` (`extension_id`, `type`, `code`) VALUES ('39', 'report', 'customer_activity');
INSERT INTO `oc_extension` (`extension_id`, `type`, `code`) VALUES ('40', 'report', 'customer_order');
INSERT INTO `oc_extension` (`extension_id`, `type`, `code`) VALUES ('41', 'report', 'customer_reward');
INSERT INTO `oc_extension` (`extension_id`, `type`, `code`) VALUES ('42', 'advertise', 'google');
INSERT INTO `oc_extension` (`extension_id`, `type`, `code`) VALUES ('43', 'module', 'html');
INSERT INTO `oc_extension` (`extension_id`, `type`, `code`) VALUES ('49', 'module', 'information');
INSERT INTO `oc_extension` (`extension_id`, `type`, `code`) VALUES ('50', 'module', 'filter');
INSERT INTO `oc_extension` (`extension_id`, `type`, `code`) VALUES ('63', 'module', 'bestseller');
INSERT INTO `oc_extension` (`extension_id`, `type`, `code`) VALUES ('71', 'module', 'featured');
INSERT INTO `oc_extension` (`extension_id`, `type`, `code`) VALUES ('79', 'module', 'latest');
INSERT INTO `oc_extension` (`extension_id`, `type`, `code`) VALUES ('80', 'module', 'special');


TRUNCATE TABLE `oc_filter`;

INSERT INTO `oc_filter` (`filter_id`, `filter_group_id`, `sort_order`) VALUES ('1', '1', '0');
INSERT INTO `oc_filter` (`filter_id`, `filter_group_id`, `sort_order`) VALUES ('2', '1', '0');
INSERT INTO `oc_filter` (`filter_id`, `filter_group_id`, `sort_order`) VALUES ('3', '1', '0');
INSERT INTO `oc_filter` (`filter_id`, `filter_group_id`, `sort_order`) VALUES ('4', '2', '0');
INSERT INTO `oc_filter` (`filter_id`, `filter_group_id`, `sort_order`) VALUES ('5', '2', '0');
INSERT INTO `oc_filter` (`filter_id`, `filter_group_id`, `sort_order`) VALUES ('6', '3', '0');
INSERT INTO `oc_filter` (`filter_id`, `filter_group_id`, `sort_order`) VALUES ('7', '3', '0');
INSERT INTO `oc_filter` (`filter_id`, `filter_group_id`, `sort_order`) VALUES ('8', '3', '0');


TRUNCATE TABLE `oc_filter_description`;

INSERT INTO `oc_filter_description` (`filter_id`, `language_id`, `filter_group_id`, `name`) VALUES ('1', '1', '1', 'Red');
INSERT INTO `oc_filter_description` (`filter_id`, `language_id`, `filter_group_id`, `name`) VALUES ('2', '1', '1', 'Blue');
INSERT INTO `oc_filter_description` (`filter_id`, `language_id`, `filter_group_id`, `name`) VALUES ('3', '1', '1', 'black');
INSERT INTO `oc_filter_description` (`filter_id`, `language_id`, `filter_group_id`, `name`) VALUES ('4', '1', '2', '$49-$149 ');
INSERT INTO `oc_filter_description` (`filter_id`, `language_id`, `filter_group_id`, `name`) VALUES ('5', '1', '2', '$150- $350');
INSERT INTO `oc_filter_description` (`filter_id`, `language_id`, `filter_group_id`, `name`) VALUES ('6', '1', '3', 'small');
INSERT INTO `oc_filter_description` (`filter_id`, `language_id`, `filter_group_id`, `name`) VALUES ('7', '1', '3', 'medium');
INSERT INTO `oc_filter_description` (`filter_id`, `language_id`, `filter_group_id`, `name`) VALUES ('8', '1', '3', 'large');
INSERT INTO `oc_filter_description` (`filter_id`, `language_id`, `filter_group_id`, `name`) VALUES ('1', '2', '1', 'Red');
INSERT INTO `oc_filter_description` (`filter_id`, `language_id`, `filter_group_id`, `name`) VALUES ('2', '2', '1', 'Blue');
INSERT INTO `oc_filter_description` (`filter_id`, `language_id`, `filter_group_id`, `name`) VALUES ('3', '2', '1', 'black');
INSERT INTO `oc_filter_description` (`filter_id`, `language_id`, `filter_group_id`, `name`) VALUES ('4', '2', '2', '$49-$149 ');
INSERT INTO `oc_filter_description` (`filter_id`, `language_id`, `filter_group_id`, `name`) VALUES ('5', '2', '2', '$150- $350');
INSERT INTO `oc_filter_description` (`filter_id`, `language_id`, `filter_group_id`, `name`) VALUES ('6', '2', '3', 'small');
INSERT INTO `oc_filter_description` (`filter_id`, `language_id`, `filter_group_id`, `name`) VALUES ('7', '2', '3', 'medium');
INSERT INTO `oc_filter_description` (`filter_id`, `language_id`, `filter_group_id`, `name`) VALUES ('8', '2', '3', 'large');


TRUNCATE TABLE `oc_filter_group`;

INSERT INTO `oc_filter_group` (`filter_group_id`, `sort_order`) VALUES ('1', '0');
INSERT INTO `oc_filter_group` (`filter_group_id`, `sort_order`) VALUES ('2', '1');
INSERT INTO `oc_filter_group` (`filter_group_id`, `sort_order`) VALUES ('3', '2');


TRUNCATE TABLE `oc_filter_group_description`;

INSERT INTO `oc_filter_group_description` (`filter_group_id`, `language_id`, `name`) VALUES ('1', '1', 'color');
INSERT INTO `oc_filter_group_description` (`filter_group_id`, `language_id`, `name`) VALUES ('2', '1', 'price');
INSERT INTO `oc_filter_group_description` (`filter_group_id`, `language_id`, `name`) VALUES ('3', '1', 'size');
INSERT INTO `oc_filter_group_description` (`filter_group_id`, `language_id`, `name`) VALUES ('1', '2', 'color');
INSERT INTO `oc_filter_group_description` (`filter_group_id`, `language_id`, `name`) VALUES ('2', '2', 'price');
INSERT INTO `oc_filter_group_description` (`filter_group_id`, `language_id`, `name`) VALUES ('3', '2', 'size');


TRUNCATE TABLE `oc_layout_module`;

INSERT INTO `oc_layout_module` (`layout_module_id`, `layout_id`, `code`, `position`, `sort_order`) VALUES ('4911', '6', 'information', 'column_left', '2');
INSERT INTO `oc_layout_module` (`layout_module_id`, `layout_id`, `code`, `position`, `sort_order`) VALUES ('4917', '10', 'information', 'column_left', '2');
INSERT INTO `oc_layout_module` (`layout_module_id`, `layout_id`, `code`, `position`, `sort_order`) VALUES ('4905', '7', 'bestseller.61', 'column_left', '2');
INSERT INTO `oc_layout_module` (`layout_module_id`, `layout_id`, `code`, `position`, `sort_order`) VALUES ('4893', '4', 'bestseller.61', 'column_left', '2');
INSERT INTO `oc_layout_module` (`layout_module_id`, `layout_id`, `code`, `position`, `sort_order`) VALUES ('4940', '5', 'html.93', 'column_left', '2');
INSERT INTO `oc_layout_module` (`layout_module_id`, `layout_id`, `code`, `position`, `sort_order`) VALUES ('4916', '10', 'account', 'column_left', '1');
INSERT INTO `oc_layout_module` (`layout_module_id`, `layout_id`, `code`, `position`, `sort_order`) VALUES ('4946', '13', 'banner.59', 'column_left', '2');
INSERT INTO `oc_layout_module` (`layout_module_id`, `layout_id`, `code`, `position`, `sort_order`) VALUES ('4904', '7', 'banner.59', 'column_left', '1');
INSERT INTO `oc_layout_module` (`layout_module_id`, `layout_id`, `code`, `position`, `sort_order`) VALUES ('4895', '4', 'html.82', 'footer_right', '0');
INSERT INTO `oc_layout_module` (`layout_module_id`, `layout_id`, `code`, `position`, `sort_order`) VALUES ('4900', '2', 'html.93', 'footer_left', '0');
INSERT INTO `oc_layout_module` (`layout_module_id`, `layout_id`, `code`, `position`, `sort_order`) VALUES ('4953', '9', 'html.93', 'footer_left', '0');
INSERT INTO `oc_layout_module` (`layout_module_id`, `layout_id`, `code`, `position`, `sort_order`) VALUES ('4945', '13', 'bestseller.61', 'column_left', '1');
INSERT INTO `oc_layout_module` (`layout_module_id`, `layout_id`, `code`, `position`, `sort_order`) VALUES ('4935', '11', 'html.93', 'footer_left', '0');
INSERT INTO `oc_layout_module` (`layout_module_id`, `layout_id`, `code`, `position`, `sort_order`) VALUES ('4894', '4', 'html.93', 'footer_left', '0');
INSERT INTO `oc_layout_module` (`layout_module_id`, `layout_id`, `code`, `position`, `sort_order`) VALUES ('4928', '8', 'banner.59', 'column_left', '1');
INSERT INTO `oc_layout_module` (`layout_module_id`, `layout_id`, `code`, `position`, `sort_order`) VALUES ('4923', '12', 'information', 'column_left', '2');
INSERT INTO `oc_layout_module` (`layout_module_id`, `layout_id`, `code`, `position`, `sort_order`) VALUES ('4910', '6', 'account', 'column_left', '1');
INSERT INTO `oc_layout_module` (`layout_module_id`, `layout_id`, `code`, `position`, `sort_order`) VALUES ('4922', '12', 'account', 'column_left', '1');
INSERT INTO `oc_layout_module` (`layout_module_id`, `layout_id`, `code`, `position`, `sort_order`) VALUES ('4996', '3', 'html.82', 'footer_right', '0');
INSERT INTO `oc_layout_module` (`layout_module_id`, `layout_id`, `code`, `position`, `sort_order`) VALUES ('4934', '11', 'information', 'column_left', '2');
INSERT INTO `oc_layout_module` (`layout_module_id`, `layout_id`, `code`, `position`, `sort_order`) VALUES ('4939', '5', 'bestseller.61', 'column_left', '1');
INSERT INTO `oc_layout_module` (`layout_module_id`, `layout_id`, `code`, `position`, `sort_order`) VALUES ('4952', '9', 'information', 'column_left', '2');
INSERT INTO `oc_layout_module` (`layout_module_id`, `layout_id`, `code`, `position`, `sort_order`) VALUES ('5019', '1', 'latest.96', 'column_right', '4');
INSERT INTO `oc_layout_module` (`layout_module_id`, `layout_id`, `code`, `position`, `sort_order`) VALUES ('4993', '3', 'banner.59', 'column_left', '2');
INSERT INTO `oc_layout_module` (`layout_module_id`, `layout_id`, `code`, `position`, `sort_order`) VALUES ('4995', '3', 'html.93', 'footer_left', '0');
INSERT INTO `oc_layout_module` (`layout_module_id`, `layout_id`, `code`, `position`, `sort_order`) VALUES ('5015', '1', 'html.34', 'column_right', '0');
INSERT INTO `oc_layout_module` (`layout_module_id`, `layout_id`, `code`, `position`, `sort_order`) VALUES ('4933', '11', 'account', 'column_left', '1');
INSERT INTO `oc_layout_module` (`layout_module_id`, `layout_id`, `code`, `position`, `sort_order`) VALUES ('4932', '11', 'html.93', 'column_left', '0');
INSERT INTO `oc_layout_module` (`layout_module_id`, `layout_id`, `code`, `position`, `sort_order`) VALUES ('5018', '1', 'banner.95', 'column_right', '3');
INSERT INTO `oc_layout_module` (`layout_module_id`, `layout_id`, `code`, `position`, `sort_order`) VALUES ('4899', '2', 'bestseller.61', 'column_left', '2');
INSERT INTO `oc_layout_module` (`layout_module_id`, `layout_id`, `code`, `position`, `sort_order`) VALUES ('4898', '2', 'banner.59', 'column_left', '1');
INSERT INTO `oc_layout_module` (`layout_module_id`, `layout_id`, `code`, `position`, `sort_order`) VALUES ('4951', '9', 'account', 'column_left', '1');
INSERT INTO `oc_layout_module` (`layout_module_id`, `layout_id`, `code`, `position`, `sort_order`) VALUES ('4950', '9', 'html.93', 'column_left', '0');
INSERT INTO `oc_layout_module` (`layout_module_id`, `layout_id`, `code`, `position`, `sort_order`) VALUES ('5014', '1', 'html.77', 'footer_bottom', '1');
INSERT INTO `oc_layout_module` (`layout_module_id`, `layout_id`, `code`, `position`, `sort_order`) VALUES ('5013', '1', 'html.82', 'footer_right', '0');
INSERT INTO `oc_layout_module` (`layout_module_id`, `layout_id`, `code`, `position`, `sort_order`) VALUES ('5012', '1', 'html.93', 'footer_left', '0');
INSERT INTO `oc_layout_module` (`layout_module_id`, `layout_id`, `code`, `position`, `sort_order`) VALUES ('5010', '1', 'carousel.29', 'content_top', '6');
INSERT INTO `oc_layout_module` (`layout_module_id`, `layout_id`, `code`, `position`, `sort_order`) VALUES ('4892', '4', 'banner.59', 'column_left', '1');
INSERT INTO `oc_layout_module` (`layout_module_id`, `layout_id`, `code`, `position`, `sort_order`) VALUES ('5008', '1', 'special.98', 'content_top', '4');
INSERT INTO `oc_layout_module` (`layout_module_id`, `layout_id`, `code`, `position`, `sort_order`) VALUES ('5007', '1', 'html.80', 'content_top', '3');
INSERT INTO `oc_layout_module` (`layout_module_id`, `layout_id`, `code`, `position`, `sort_order`) VALUES ('5006', '1', 'featured.84', 'content_top', '2');
INSERT INTO `oc_layout_module` (`layout_module_id`, `layout_id`, `code`, `position`, `sort_order`) VALUES ('5005', '1', 'html.97', 'content_top', '1');
INSERT INTO `oc_layout_module` (`layout_module_id`, `layout_id`, `code`, `position`, `sort_order`) VALUES ('5004', '1', 'slideshow.27', 'content_top', '0');
INSERT INTO `oc_layout_module` (`layout_module_id`, `layout_id`, `code`, `position`, `sort_order`) VALUES ('5003', '1', 'html.99', 'column_left', '5');
INSERT INTO `oc_layout_module` (`layout_module_id`, `layout_id`, `code`, `position`, `sort_order`) VALUES ('5001', '1', 'bestseller.61', 'column_left', '3');
INSERT INTO `oc_layout_module` (`layout_module_id`, `layout_id`, `code`, `position`, `sort_order`) VALUES ('5000', '1', 'html.37', 'column_left', '2');
INSERT INTO `oc_layout_module` (`layout_module_id`, `layout_id`, `code`, `position`, `sort_order`) VALUES ('4999', '1', 'banner.59', 'column_left', '1');
INSERT INTO `oc_layout_module` (`layout_module_id`, `layout_id`, `code`, `position`, `sort_order`) VALUES ('4994', '3', 'bestseller.61', 'column_left', '3');
INSERT INTO `oc_layout_module` (`layout_module_id`, `layout_id`, `code`, `position`, `sort_order`) VALUES ('4992', '3', 'filter', 'column_left', '1');
INSERT INTO `oc_layout_module` (`layout_module_id`, `layout_id`, `code`, `position`, `sort_order`) VALUES ('4896', '4', 'html.77', 'footer_bottom', '1');
INSERT INTO `oc_layout_module` (`layout_module_id`, `layout_id`, `code`, `position`, `sort_order`) VALUES ('4901', '2', 'html.82', 'footer_right', '0');
INSERT INTO `oc_layout_module` (`layout_module_id`, `layout_id`, `code`, `position`, `sort_order`) VALUES ('4902', '2', 'html.77', 'footer_bottom', '1');
INSERT INTO `oc_layout_module` (`layout_module_id`, `layout_id`, `code`, `position`, `sort_order`) VALUES ('4906', '7', 'html.93', 'footer_left', '0');
INSERT INTO `oc_layout_module` (`layout_module_id`, `layout_id`, `code`, `position`, `sort_order`) VALUES ('4907', '7', 'html.82', 'footer_right', '0');
INSERT INTO `oc_layout_module` (`layout_module_id`, `layout_id`, `code`, `position`, `sort_order`) VALUES ('4908', '7', 'html.77', 'footer_bottom', '1');
INSERT INTO `oc_layout_module` (`layout_module_id`, `layout_id`, `code`, `position`, `sort_order`) VALUES ('4912', '6', 'html.93', 'footer_left', '0');
INSERT INTO `oc_layout_module` (`layout_module_id`, `layout_id`, `code`, `position`, `sort_order`) VALUES ('4913', '6', 'html.82', 'footer_right', '0');
INSERT INTO `oc_layout_module` (`layout_module_id`, `layout_id`, `code`, `position`, `sort_order`) VALUES ('4914', '6', 'html.77', 'footer_bottom', '1');
INSERT INTO `oc_layout_module` (`layout_module_id`, `layout_id`, `code`, `position`, `sort_order`) VALUES ('4918', '10', 'html.93', 'footer_left', '0');
INSERT INTO `oc_layout_module` (`layout_module_id`, `layout_id`, `code`, `position`, `sort_order`) VALUES ('4919', '10', 'html.82', 'footer_right', '0');
INSERT INTO `oc_layout_module` (`layout_module_id`, `layout_id`, `code`, `position`, `sort_order`) VALUES ('4920', '10', 'html.77', 'footer_bottom', '1');
INSERT INTO `oc_layout_module` (`layout_module_id`, `layout_id`, `code`, `position`, `sort_order`) VALUES ('4924', '12', 'html.93', 'footer_left', '0');
INSERT INTO `oc_layout_module` (`layout_module_id`, `layout_id`, `code`, `position`, `sort_order`) VALUES ('4925', '12', 'html.82', 'footer_right', '0');
INSERT INTO `oc_layout_module` (`layout_module_id`, `layout_id`, `code`, `position`, `sort_order`) VALUES ('4926', '12', 'html.77', 'footer_bottom', '1');
INSERT INTO `oc_layout_module` (`layout_module_id`, `layout_id`, `code`, `position`, `sort_order`) VALUES ('4929', '8', 'html.93', 'footer_left', '0');
INSERT INTO `oc_layout_module` (`layout_module_id`, `layout_id`, `code`, `position`, `sort_order`) VALUES ('4930', '8', 'html.82', 'footer_right', '0');
INSERT INTO `oc_layout_module` (`layout_module_id`, `layout_id`, `code`, `position`, `sort_order`) VALUES ('4931', '8', 'html.77', 'footer_bottom', '1');
INSERT INTO `oc_layout_module` (`layout_module_id`, `layout_id`, `code`, `position`, `sort_order`) VALUES ('4936', '11', 'html.82', 'footer_right', '0');
INSERT INTO `oc_layout_module` (`layout_module_id`, `layout_id`, `code`, `position`, `sort_order`) VALUES ('4937', '11', 'html.77', 'footer_bottom', '1');
INSERT INTO `oc_layout_module` (`layout_module_id`, `layout_id`, `code`, `position`, `sort_order`) VALUES ('4941', '5', 'html.93', 'footer_left', '0');
INSERT INTO `oc_layout_module` (`layout_module_id`, `layout_id`, `code`, `position`, `sort_order`) VALUES ('4942', '5', 'html.82', 'footer_right', '0');
INSERT INTO `oc_layout_module` (`layout_module_id`, `layout_id`, `code`, `position`, `sort_order`) VALUES ('4943', '5', 'html.77', 'footer_bottom', '1');
INSERT INTO `oc_layout_module` (`layout_module_id`, `layout_id`, `code`, `position`, `sort_order`) VALUES ('4947', '13', 'html.93', 'footer_left', '0');
INSERT INTO `oc_layout_module` (`layout_module_id`, `layout_id`, `code`, `position`, `sort_order`) VALUES ('4948', '13', 'html.82', 'footer_right', '0');
INSERT INTO `oc_layout_module` (`layout_module_id`, `layout_id`, `code`, `position`, `sort_order`) VALUES ('4949', '13', 'html.77', 'footer_bottom', '1');
INSERT INTO `oc_layout_module` (`layout_module_id`, `layout_id`, `code`, `position`, `sort_order`) VALUES ('4954', '9', 'html.82', 'footer_right', '0');
INSERT INTO `oc_layout_module` (`layout_module_id`, `layout_id`, `code`, `position`, `sort_order`) VALUES ('4955', '9', 'html.77', 'footer_bottom', '1');
INSERT INTO `oc_layout_module` (`layout_module_id`, `layout_id`, `code`, `position`, `sort_order`) VALUES ('4997', '3', 'html.77', 'footer_bottom', '1');


TRUNCATE TABLE `oc_layout_route`;

INSERT INTO `oc_layout_route` (`layout_route_id`, `layout_id`, `store_id`, `route`) VALUES ('562', '6', '0', 'account/%');
INSERT INTO `oc_layout_route` (`layout_route_id`, `layout_id`, `store_id`, `route`) VALUES ('573', '3', '0', 'product/category');
INSERT INTO `oc_layout_route` (`layout_route_id`, `layout_id`, `store_id`, `route`) VALUES ('574', '1', '0', 'common/home');
INSERT INTO `oc_layout_route` (`layout_route_id`, `layout_id`, `store_id`, `route`) VALUES ('560', '2', '0', 'product/product');
INSERT INTO `oc_layout_route` (`layout_route_id`, `layout_id`, `store_id`, `route`) VALUES ('566', '11', '0', 'information/information');
INSERT INTO `oc_layout_route` (`layout_route_id`, `layout_id`, `store_id`, `route`) VALUES ('561', '7', '0', 'checkout/%');
INSERT INTO `oc_layout_route` (`layout_route_id`, `layout_id`, `store_id`, `route`) VALUES ('565', '8', '0', 'information/contact');
INSERT INTO `oc_layout_route` (`layout_route_id`, `layout_id`, `store_id`, `route`) VALUES ('569', '9', '0', 'information/sitemap');
INSERT INTO `oc_layout_route` (`layout_route_id`, `layout_id`, `store_id`, `route`) VALUES ('559', '4', '0', '');
INSERT INTO `oc_layout_route` (`layout_route_id`, `layout_id`, `store_id`, `route`) VALUES ('567', '5', '0', 'product/manufacturer');
INSERT INTO `oc_layout_route` (`layout_route_id`, `layout_id`, `store_id`, `route`) VALUES ('564', '12', '0', 'product/compare');
INSERT INTO `oc_layout_route` (`layout_route_id`, `layout_id`, `store_id`, `route`) VALUES ('568', '13', '0', 'product/search');
INSERT INTO `oc_layout_route` (`layout_route_id`, `layout_id`, `store_id`, `route`) VALUES ('563', '10', '0', 'affiliate/%');


TRUNCATE TABLE `oc_module`;

INSERT INTO `oc_module` (`module_id`, `name`, `code`, `setting`) VALUES ('30', 'Category', 'banner', '{"name":"Category","banner_id":"6","width":"182","height":"182","status":"1"}');
INSERT INTO `oc_module` (`module_id`, `name`, `code`, `setting`) VALUES ('29', 'Carousel - Home Page', 'carousel', '{"name":"Carousel - Home Page","banner_id":"8","width":"76","height":"40","status":"1"}');
INSERT INTO `oc_module` (`module_id`, `name`, `code`, `setting`) VALUES ('27', 'Slideshow - Home Page', 'slideshow', '{"name":"Slideshow - Home Page","banner_id":"7","width":"1080","height":"520","status":"1"}');
INSERT INTO `oc_module` (`module_id`, `name`, `code`, `setting`) VALUES ('31', 'Banner 1', 'banner', '{"name":"Banner 1","banner_id":"6","width":"182","height":"182","status":"1"}');
INSERT INTO `oc_module` (`module_id`, `name`, `code`, `setting`) VALUES ('77', 'Payment Method - Footer ', 'html', '{"name":"Payment Method - Footer ","module_description":{"1":{"title":"","description":"&lt;div class=&quot;footer_link&quot;&gt;  &lt;img src=&quot;image\\/catalog\\/payment.png&quot; alt=&quot;&quot;&gt;&lt;\\/div&gt;"},"2":{"title":"","description":"&lt;div class=&quot;footer_link&quot;&gt;  &lt;img src=&quot;image\\/catalog\\/payment.png&quot; alt=&quot;&quot;&gt;&lt;\\/div&gt;"}},"status":"1"}');
INSERT INTO `oc_module` (`module_id`, `name`, `code`, `setting`) VALUES ('84', 'Featured - Home Page', 'featured', '{"name":"Featured - Home Page","product_name":"","product":["32","40","29","33","42","48","34","49","47","44","45","35","30","46","43","36"],"limit":"20","width":"245","height":"245","status":"1"}');
INSERT INTO `oc_module` (`module_id`, `name`, `code`, `setting`) VALUES ('34', 'Banner - Home page', 'html', '{"name":"Banner - Home page","module_description":{"1":{"title":"","description":"&lt;div class=&quot;banner-outer container-outer html1&quot;&gt;  &lt;div class=&quot;row&quot;&gt;    &lt;div class=&quot;col-md-12 col-xs-6&quot;&gt;      &lt;div class=&quot;banner1&quot;&gt;        &lt;div class=&quot;inner1&quot;&gt;          &lt;a href=&quot;#&quot;&gt;&lt;img src=&quot;image\\/catalog\\/banners\\/banner1.jpg&quot; alt=&quot;&quot; class=&quot;img-responsive&quot;&gt;&lt;\\/a&gt;        &lt;\\/div&gt;                                                        &lt;div class=&quot;inner2&quot;&gt;            &lt;div class=&quot;promo-text-box&quot;&gt;              &lt;span class=&quot;promo-title&quot;&gt;Watches&lt;\\/span&gt;              &lt;\\/div&gt;          &lt;\\/div&gt;      &lt;\\/div&gt;    &lt;\\/div&gt;    &lt;div class=&quot;col-md-12 col-xs-6&quot;&gt;      &lt;div class=&quot;banner2&quot;&gt;       &lt;div class=&quot;inner1&quot;&gt;          &lt;a href=&quot;#&quot;&gt;&lt;img src=&quot;image\\/catalog\\/banners\\/banner2.jpg&quot; alt=&quot;&quot; class=&quot;img-responsive&quot;&gt;&lt;\\/a&gt;          &lt;\\/div&gt;          &lt;div class=&quot;inner2&quot;&gt;            &lt;div class=&quot;promo-text-box&quot;&gt;              &lt;span class=&quot;promo-title&quot;&gt;Headphones&lt;\\/span&gt;            &lt;\\/div&gt;          &lt;\\/div&gt;        &lt;\\/div&gt;    &lt;\\/div&gt;  &lt;\\/div&gt;&lt;\\/div&gt;"},"2":{"title":"","description":"&lt;div class=&quot;banner-outer container-outer html1&quot;&gt;  &lt;div class=&quot;row&quot;&gt;    &lt;div class=&quot;col-md-12 col-xs-6&quot;&gt;      &lt;div class=&quot;banner1&quot;&gt;        &lt;div class=&quot;inner1&quot;&gt;          &lt;a href=&quot;#&quot;&gt;&lt;img src=&quot;image\\/catalog\\/banners\\/banner1.jpg&quot; alt=&quot;&quot; class=&quot;img-responsive&quot;&gt;&lt;\\/a&gt;        &lt;\\/div&gt;                                                        &lt;div class=&quot;inner2&quot;&gt;            &lt;div class=&quot;promo-text-box&quot;&gt;              &lt;span class=&quot;promo-title&quot;&gt;Watches&lt;\\/span&gt;              &lt;\\/div&gt;          &lt;\\/div&gt;      &lt;\\/div&gt;    &lt;\\/div&gt;    &lt;div class=&quot;col-md-12 col-xs-6&quot;&gt;      &lt;div class=&quot;banner2&quot;&gt;       &lt;div class=&quot;inner1&quot;&gt;          &lt;a href=&quot;#&quot;&gt;&lt;img src=&quot;image\\/catalog\\/banners\\/banner2.jpg&quot; alt=&quot;&quot; class=&quot;img-responsive&quot;&gt;&lt;\\/a&gt;          &lt;\\/div&gt;          &lt;div class=&quot;inner2&quot;&gt;            &lt;div class=&quot;promo-text-box&quot;&gt;              &lt;span class=&quot;promo-title&quot;&gt;Headphones&lt;\\/span&gt;            &lt;\\/div&gt;          &lt;\\/div&gt;        &lt;\\/div&gt;    &lt;\\/div&gt;  &lt;\\/div&gt;&lt;\\/div&gt;"}},"status":"1"}');
INSERT INTO `oc_module` (`module_id`, `name`, `code`, `setting`) VALUES ('95', 'Right Banner', 'banner', '{"name":"Right Banner","banner_id":"10","width":"270","height":"420","status":"1"}');
INSERT INTO `oc_module` (`module_id`, `name`, `code`, `setting`) VALUES ('96', 'Latest sidebar', 'latest', '{"name":"Latest sidebar","limit":"4","width":"80","height":"80","status":"1"}');
INSERT INTO `oc_module` (`module_id`, `name`, `code`, `setting`) VALUES ('97', 'Banner3 - Home page', 'html', '{"name":"Banner3 - Home page","module_description":{"1":{"title":"","description":"&lt;div class=&quot;html3 mt-30&quot;&gt;  &lt;div class=&quot;html-content&quot;&gt;    &lt;h3 class=&quot;promo-title&quot;&gt;Free Shipping On All Orders&lt;\\/h3&gt;    &lt;span class=&quot;promo-desc&quot;&gt;Valid On all Order Untill This Week. Use Offer Code: &lt;span&gt;\\u201cSHIPFREE\\u201d&lt;\\/span&gt;.&lt;\\/span&gt;  &lt;\\/div&gt;  &lt;button type=&quot;button&quot; class=&quot;btn&quot;&gt;Shop Now&lt;\\/button&gt;&lt;\\/div&gt;"},"2":{"title":"","description":"&lt;div class=&quot;html3 mt-30&quot;&gt;  &lt;div class=&quot;html-content&quot;&gt;    &lt;h3 class=&quot;promo-title&quot;&gt;Free Shipping On All Orders&lt;\\/h3&gt;    &lt;span class=&quot;promo-desc&quot;&gt;Valid On all Order Untill This Week. Use Offer Code: &lt;span&gt;\\u201cSHIPFREE\\u201d&lt;\\/span&gt;.&lt;\\/span&gt;  &lt;\\/div&gt;  &lt;button type=&quot;button&quot; class=&quot;btn&quot;&gt;Shop Now&lt;\\/button&gt;&lt;\\/div&gt;"}},"status":"1"}');
INSERT INTO `oc_module` (`module_id`, `name`, `code`, `setting`) VALUES ('80', 'Banner2 - Home page', 'html', '{"name":"Banner2 - Home page","module_description":{"1":{"title":"","description":"&lt;div class=&quot;banner-outer html2 mt-30&quot;&gt;  &lt;div class=&quot;row&quot;&gt;    &lt;div class=&quot;col-xs-6&quot;&gt;      &lt;div class=&quot;banner3&quot;&gt;        &lt;div class=&quot;inner1&quot;&gt;          &lt;a href=&quot;#&quot;&gt;&lt;img src=&quot;image\\/catalog\\/banners\\/banner3.jpg&quot; alt=&quot;&quot; class=&quot;img-responsive&quot;&gt;&lt;\\/a&gt;        &lt;\\/div&gt;        &lt;div class=&quot;inner2&quot;&gt;          &lt;div class=&quot;promo-text-box&quot;&gt;            &lt;h3 class=&quot;promo-title&quot;&gt;Best Deals on Laptops&lt;\\/h3&gt;            &lt;div class=&quot;promo-price&quot;&gt;From $999.00&lt;\\/div&gt;            &lt;div class=&quot;promo-desc&quot;&gt;Complete Laptop Protection&lt;\\/div&gt;          &lt;\\/div&gt;        &lt;\\/div&gt;      &lt;\\/div&gt;    &lt;\\/div&gt;    &lt;div class=&quot;col-xs-6&quot;&gt;      &lt;div class=&quot;banner4&quot;&gt;        &lt;div class=&quot;inner1&quot;&gt;          &lt;a href=&quot;#&quot;&gt;&lt;img src=&quot;image\\/catalog\\/banners\\/banner4.jpg&quot; alt=&quot;&quot; class=&quot;img-responsive&quot;&gt;&lt;\\/a&gt;        &lt;\\/div&gt;        &lt;div class=&quot;inner2&quot;&gt;          &lt;div class=&quot;promo-text-box&quot;&gt;            &lt;h3 class=&quot;promo-title&quot;&gt;Deals on Tablets&lt;\\/h3&gt;            &lt;div class=&quot;promo-price&quot;&gt;From $599.00&lt;\\/div&gt;            &lt;div class=&quot;promo-desc&quot;&gt;No Cost EMI From $99.00\\/m*&lt;\\/div&gt;          &lt;\\/div&gt;        &lt;\\/div&gt;      &lt;\\/div&gt;    &lt;\\/div&gt;  &lt;\\/div&gt;&lt;\\/div&gt;"},"2":{"title":"","description":"&lt;div class=&quot;banner-outer html2 mt-30&quot;&gt;  &lt;div class=&quot;row&quot;&gt;    &lt;div class=&quot;col-xs-6&quot;&gt;      &lt;div class=&quot;banner3&quot;&gt;        &lt;div class=&quot;inner1&quot;&gt;          &lt;a href=&quot;#&quot;&gt;&lt;img src=&quot;image\\/catalog\\/banners\\/banner3.jpg&quot; alt=&quot;&quot; class=&quot;img-responsive&quot;&gt;&lt;\\/a&gt;        &lt;\\/div&gt;        &lt;div class=&quot;inner2&quot;&gt;          &lt;div class=&quot;promo-text-box&quot;&gt;            &lt;h3 class=&quot;promo-title&quot;&gt;Best Deals on Laptops&lt;\\/h3&gt;            &lt;div class=&quot;promo-price&quot;&gt;From $999.00&lt;\\/div&gt;            &lt;div class=&quot;promo-desc&quot;&gt;Complete Laptop Protection&lt;\\/div&gt;          &lt;\\/div&gt;        &lt;\\/div&gt;      &lt;\\/div&gt;    &lt;\\/div&gt;    &lt;div class=&quot;col-xs-6&quot;&gt;      &lt;div class=&quot;banner4&quot;&gt;        &lt;div class=&quot;inner1&quot;&gt;          &lt;a href=&quot;#&quot;&gt;&lt;img src=&quot;image\\/catalog\\/banners\\/banner4.jpg&quot; alt=&quot;&quot; class=&quot;img-responsive&quot;&gt;&lt;\\/a&gt;        &lt;\\/div&gt;        &lt;div class=&quot;inner2&quot;&gt;          &lt;div class=&quot;promo-text-box&quot;&gt;            &lt;h3 class=&quot;promo-title&quot;&gt;Deals on Tablets&lt;\\/h3&gt;            &lt;div class=&quot;promo-price&quot;&gt;From $599.00&lt;\\/div&gt;            &lt;div class=&quot;promo-desc&quot;&gt;No Cost EMI From $99.00\\/m*&lt;\\/div&gt;          &lt;\\/div&gt;        &lt;\\/div&gt;      &lt;\\/div&gt;    &lt;\\/div&gt;  &lt;\\/div&gt;&lt;\\/div&gt;"}},"status":"1"}');
INSERT INTO `oc_module` (`module_id`, `name`, `code`, `setting`) VALUES ('99', 'Banner4 - Home page', 'html', '{"name":"Banner4 - Home page","module_description":{"1":{"title":"","description":"&lt;div class=&quot;html4 hidden-sm hidden-xs&quot;&gt;  &lt;div class=&quot;html4-inner&quot;&gt;    &lt;div class=&quot;left-banner&quot;&gt;      &lt;div class=&quot;promo-text-box&quot;&gt;        &lt;span class=&quot;promo-title&quot;&gt;EXCLUSIVE&lt;\\/span&gt;      &lt;\\/div&gt;      &lt;div class=&quot;promo-desc&quot;&gt;WOMENS ATTITUDE&lt;\\/div&gt;    &lt;\\/div&gt;  &lt;\\/div&gt;&lt;\\/div&gt;"},"2":{"title":"","description":"&lt;div class=&quot;html4 hidden-sm hidden-xs&quot;&gt;  &lt;div class=&quot;html4-inner&quot;&gt;    &lt;div class=&quot;left-banner&quot;&gt;      &lt;div class=&quot;promo-text-box&quot;&gt;        &lt;span class=&quot;promo-title&quot;&gt;EXCLUSIVE&lt;\\/span&gt;      &lt;\\/div&gt;      &lt;div class=&quot;promo-desc&quot;&gt;WOMENS ATTITUDE&lt;\\/div&gt;    &lt;\\/div&gt;  &lt;\\/div&gt;&lt;\\/div&gt;"}},"status":"1"}');
INSERT INTO `oc_module` (`module_id`, `name`, `code`, `setting`) VALUES ('82', 'Right cms - Footer', 'html', '{"name":"Right cms - Footer","module_description":{"1":{"title":"","description":"&lt;h5 class=&quot;toggled title&quot;&gt;contact&lt;\\/h5&gt;&lt;ul class=&quot;list-unstyled&quot;&gt;  &lt;li&gt;    &lt;div class=&quot;site&quot;&gt;      &lt;div class=&quot;contact_title&quot;&gt;address:&lt;\\/div&gt;      &lt;div class=&quot;contact_site&quot;&gt;71 Pennington Lane Vernon Rockville, CT 06066&lt;\\/div&gt;    &lt;\\/div&gt;  &lt;\\/li&gt;  &lt;li&gt;    &lt;div class=&quot;phone&quot;&gt;      &lt;div class=&quot;contact_title&quot;&gt;phone:&lt;\\/div&gt;      &lt;div class=&quot;contact_site&quot;&gt;+91 123 456 789&lt;\\/div&gt;    &lt;\\/div&gt;  &lt;\\/li&gt;  &lt;li&gt;    &lt;div class=&quot;fax&quot;&gt;      &lt;div class=&quot;contact_title&quot;&gt;fax:&lt;\\/div&gt;      &lt;div class=&quot;contact_site&quot;&gt;0123-456-789&lt;\\/div&gt;    &lt;\\/div&gt;  &lt;\\/li&gt;  &lt;li&gt;    &lt;div class=&quot;email&quot;&gt;      &lt;div class=&quot;contact_title&quot;&gt;email:&lt;\\/div&gt;      &lt;div class=&quot;contact_site&quot;&gt;        &lt;a href=&quot;mailto:info@Yourstore.com&quot;&gt;demo@Yourstore.com&lt;\\/a&gt;      &lt;\\/div&gt;    &lt;\\/div&gt;  &lt;\\/li&gt;&lt;\\/ul&gt;"},"2":{"title":"","description":"&lt;h5 class=&quot;toggled title&quot;&gt;contact&lt;\\/h5&gt;&lt;ul class=&quot;list-unstyled&quot;&gt;  &lt;li&gt;    &lt;div class=&quot;site&quot;&gt;      &lt;div class=&quot;contact_title&quot;&gt;address:&lt;\\/div&gt;      &lt;div class=&quot;contact_site&quot;&gt;71 Pennington Lane Vernon Rockville, CT 06066&lt;\\/div&gt;    &lt;\\/div&gt;  &lt;\\/li&gt;  &lt;li&gt;    &lt;div class=&quot;phone&quot;&gt;      &lt;div class=&quot;contact_title&quot;&gt;phone:&lt;\\/div&gt;      &lt;div class=&quot;contact_site&quot;&gt;+91 123 456 789&lt;\\/div&gt;    &lt;\\/div&gt;  &lt;\\/li&gt;  &lt;li&gt;    &lt;div class=&quot;fax&quot;&gt;      &lt;div class=&quot;contact_title&quot;&gt;fax:&lt;\\/div&gt;      &lt;div class=&quot;contact_site&quot;&gt;0123-456-789&lt;\\/div&gt;    &lt;\\/div&gt;  &lt;\\/li&gt;  &lt;li&gt;    &lt;div class=&quot;email&quot;&gt;      &lt;div class=&quot;contact_title&quot;&gt;email:&lt;\\/div&gt;      &lt;div class=&quot;contact_site&quot;&gt;        &lt;a href=&quot;mailto:info@Yourstore.com&quot;&gt;demo@Yourstore.com&lt;\\/a&gt;      &lt;\\/div&gt;    &lt;\\/div&gt;  &lt;\\/li&gt;&lt;\\/ul&gt;"}},"status":"1"}');
INSERT INTO `oc_module` (`module_id`, `name`, `code`, `setting`) VALUES ('37', 'Service - Home page', 'html', '{"name":"Service - Home page","module_description":{"1":{"title":"","description":"&lt;div class=&quot;service-box mt-30&quot;&gt;   &lt;div class=&quot;page-title&quot;&gt;      &lt;h3&gt;our services&lt;\\/h3&gt;   &lt;\\/div&gt;   &lt;div class=&quot;promo-item clearfix&quot;&gt;      &lt;div class=&quot;service-item&quot;&gt;         &lt;div class=&quot;service&quot;&gt;            &lt;div class=&quot;service-icon&quot;&gt;&lt;\\/div&gt;            &lt;div class=&quot;service-content&quot;&gt;               &lt;h4 class=&quot;promo-title&quot;&gt;Free shipping&lt;\\/h4&gt;               &lt;span class=&quot;promo-desc&quot;&gt;For all order over $100&lt;\\/span&gt;                                             &lt;\\/div&gt;         &lt;\\/div&gt;      &lt;\\/div&gt;      &lt;div class=&quot;service-item&quot;&gt;         &lt;div class=&quot;service&quot;&gt;            &lt;div class=&quot;service-icon&quot;&gt;&lt;\\/div&gt;            &lt;div class=&quot;service-content&quot;&gt;               &lt;h4 class=&quot;promo-title&quot;&gt;Cash On Delivery&lt;\\/h4&gt;               &lt;span class=&quot;promo-desc&quot;&gt;100% money back&lt;\\/span&gt;                                             &lt;\\/div&gt;         &lt;\\/div&gt;      &lt;\\/div&gt;      &lt;div class=&quot;service-item&quot;&gt;         &lt;div class=&quot;service&quot;&gt;            &lt;div class=&quot;service-icon&quot;&gt;&lt;\\/div&gt;            &lt;div class=&quot;service-content&quot;&gt;               &lt;h4 class=&quot;promo-title&quot;&gt;Special Gift Card&lt;\\/h4&gt;               &lt;span class=&quot;promo-desc&quot;&gt;Offer special bonuses&lt;\\/span&gt;                                             &lt;\\/div&gt;         &lt;\\/div&gt;      &lt;\\/div&gt;      &lt;div class=&quot;service-item&quot;&gt;         &lt;div class=&quot;service&quot;&gt;            &lt;div class=&quot;service-icon&quot;&gt;&lt;\\/div&gt;            &lt;div class=&quot;service-content&quot;&gt;               &lt;h4 class=&quot;promo-title&quot;&gt;24\\/7 Support&lt;\\/h4&gt;               &lt;span class=&quot;promo-desc&quot;&gt;Answer for question&lt;\\/span&gt;                                             &lt;\\/div&gt;         &lt;\\/div&gt;      &lt;\\/div&gt;   &lt;\\/div&gt;&lt;\\/div&gt;"},"2":{"title":"","description":"&lt;div class=&quot;service-box mt-30&quot;&gt;   &lt;div class=&quot;page-title&quot;&gt;      &lt;h3&gt;our services&lt;\\/h3&gt;   &lt;\\/div&gt;   &lt;div class=&quot;promo-item clearfix&quot;&gt;      &lt;div class=&quot;service-item&quot;&gt;         &lt;div class=&quot;service&quot;&gt;            &lt;div class=&quot;service-icon&quot;&gt;&lt;\\/div&gt;            &lt;div class=&quot;service-content&quot;&gt;               &lt;h4 class=&quot;promo-title&quot;&gt;Free shipping&lt;\\/h4&gt;               &lt;span class=&quot;promo-desc&quot;&gt;For all order over $100&lt;\\/span&gt;                                             &lt;\\/div&gt;         &lt;\\/div&gt;      &lt;\\/div&gt;      &lt;div class=&quot;service-item&quot;&gt;         &lt;div class=&quot;service&quot;&gt;            &lt;div class=&quot;service-icon&quot;&gt;&lt;\\/div&gt;            &lt;div class=&quot;service-content&quot;&gt;               &lt;h4 class=&quot;promo-title&quot;&gt;Cash On Delivery&lt;\\/h4&gt;               &lt;span class=&quot;promo-desc&quot;&gt;100% money back&lt;\\/span&gt;                                             &lt;\\/div&gt;         &lt;\\/div&gt;      &lt;\\/div&gt;      &lt;div class=&quot;service-item&quot;&gt;         &lt;div class=&quot;service&quot;&gt;            &lt;div class=&quot;service-icon&quot;&gt;&lt;\\/div&gt;            &lt;div class=&quot;service-content&quot;&gt;               &lt;h4 class=&quot;promo-title&quot;&gt;Special Gift Card&lt;\\/h4&gt;               &lt;span class=&quot;promo-desc&quot;&gt;Offer special bonuses&lt;\\/span&gt;                                             &lt;\\/div&gt;         &lt;\\/div&gt;      &lt;\\/div&gt;      &lt;div class=&quot;service-item&quot;&gt;         &lt;div class=&quot;service&quot;&gt;            &lt;div class=&quot;service-icon&quot;&gt;&lt;\\/div&gt;            &lt;div class=&quot;service-content&quot;&gt;               &lt;h4 class=&quot;promo-title&quot;&gt;24\\/7 Support&lt;\\/h4&gt;               &lt;span class=&quot;promo-desc&quot;&gt;Answer for question&lt;\\/span&gt;                                             &lt;\\/div&gt;         &lt;\\/div&gt;      &lt;\\/div&gt;   &lt;\\/div&gt;&lt;\\/div&gt;"}},"status":"1"}');
INSERT INTO `oc_module` (`module_id`, `name`, `code`, `setting`) VALUES ('59', 'Left Banner', 'banner', '{"name":"Left Banner","banner_id":"9","width":"270","height":"420","status":"1"}');
INSERT INTO `oc_module` (`module_id`, `name`, `code`, `setting`) VALUES ('61', 'Bestseller sidebar', 'bestseller', '{"name":"Bestseller sidebar","limit":"4","width":"80","height":"80","status":"1"}');
INSERT INTO `oc_module` (`module_id`, `name`, `code`, `setting`) VALUES ('93', 'Left cms - Footer', 'html', '{"name":"Left cms - Footer","module_description":{"1":{"title":"","description":"&lt;div class=&quot;footer_aboutus&quot;&gt;   &lt;a href=&quot;#&quot;&gt;    &lt;img alt=&quot;&quot; src=&quot;image\\/catalog\\/logo.png&quot;&gt;  &lt;\\/a&gt;   &lt;div&gt;      &lt;p class=&quot;footer-desc&quot;&gt;Lorem ipsum dolor sit amet, consectetur adipiscing elit, sed do eiusmod tempor incididunt ut labore et dolore magna aliqua.&lt;\\/p&gt;      &lt;div class=&quot;social-media&quot;&gt;         &lt;li&gt; &lt;a href=&quot;#&quot;&gt;&lt;i class=&quot;fa fa-facebook&quot;&gt;&lt;\\/i&gt;&lt;\\/a&gt; &lt;\\/li&gt;         &lt;li&gt; &lt;a href=&quot;#&quot;&gt;&lt;i class=&quot;fa fa-twitter&quot;&gt;&lt;\\/i&gt;&lt;\\/a&gt; &lt;\\/li&gt;         &lt;li&gt; &lt;a href=&quot;#&quot;&gt;&lt;i class=&quot;fa fa-youtube-play&quot;&gt;&lt;\\/i&gt;&lt;\\/a&gt; &lt;\\/li&gt;         &lt;li&gt; &lt;a href=&quot;#&quot;&gt;&lt;i class=&quot;fa fa-google-plus&quot;&gt;&lt;\\/i&gt;&lt;\\/a&gt; &lt;\\/li&gt;         &lt;li&gt; &lt;a href=&quot;#&quot;&gt; &lt;i class=&quot;fa fa-pinterest-p&quot;&gt;&lt;\\/i&gt;&lt;\\/a&gt; &lt;\\/li&gt;      &lt;\\/div&gt;   &lt;\\/div&gt;&lt;\\/div&gt;"},"2":{"title":"","description":"&lt;div class=&quot;footer_aboutus&quot;&gt;   &lt;a href=&quot;#&quot;&gt;    &lt;img alt=&quot;&quot; src=&quot;image\\/catalog\\/logo.png&quot;&gt;  &lt;\\/a&gt;   &lt;div&gt;      &lt;p class=&quot;footer-desc&quot;&gt;Lorem ipsum dolor sit amet, consectetur adipiscing elit, sed do eiusmod tempor incididunt ut labore et dolore magna aliqua.&lt;\\/p&gt;      &lt;div class=&quot;social-media&quot;&gt;         &lt;li&gt; &lt;a href=&quot;#&quot;&gt;&lt;i class=&quot;fa fa-facebook&quot;&gt;&lt;\\/i&gt;&lt;\\/a&gt; &lt;\\/li&gt;         &lt;li&gt; &lt;a href=&quot;#&quot;&gt;&lt;i class=&quot;fa fa-twitter&quot;&gt;&lt;\\/i&gt;&lt;\\/a&gt; &lt;\\/li&gt;         &lt;li&gt; &lt;a href=&quot;#&quot;&gt;&lt;i class=&quot;fa fa-youtube-play&quot;&gt;&lt;\\/i&gt;&lt;\\/a&gt; &lt;\\/li&gt;         &lt;li&gt; &lt;a href=&quot;#&quot;&gt;&lt;i class=&quot;fa fa-google-plus&quot;&gt;&lt;\\/i&gt;&lt;\\/a&gt; &lt;\\/li&gt;         &lt;li&gt; &lt;a href=&quot;#&quot;&gt; &lt;i class=&quot;fa fa-pinterest-p&quot;&gt;&lt;\\/i&gt;&lt;\\/a&gt; &lt;\\/li&gt;      &lt;\\/div&gt;   &lt;\\/div&gt;&lt;\\/div&gt;"}},"status":"1"}');
INSERT INTO `oc_module` (`module_id`, `name`, `code`, `setting`) VALUES ('98', 'Special - Home Page', 'special', '{"name":"Special - Home Page","limit":"20","width":"210","height":"210","status":"1"}');


TRUNCATE TABLE `oc_product`;

INSERT INTO `oc_product` (`product_id`, `model`, `sku`, `upc`, `ean`, `jan`, `isbn`, `mpn`, `location`, `quantity`, `stock_status_id`, `image`, `manufacturer_id`, `shipping`, `price`, `points`, `tax_class_id`, `date_available`, `weight`, `weight_class_id`, `length`, `width`, `height`, `length_class_id`, `subtract`, `minimum`, `sort_order`, `status`, `viewed`, `date_added`, `date_modified`) VALUES ('28', 'Product 1', '', '', '', '', '', '', '', '939', '7', 'catalog/products/12.jpg', '5', '1', '100.0000', '200', '9', '2009-02-03', '146.40000000', '2', '0.00000000', '0.00000000', '0.00000000', '1', '1', '1', '0', '1', '0', '2009-02-03 16:06:50', '2020-08-31 11:16:02');
INSERT INTO `oc_product` (`product_id`, `model`, `sku`, `upc`, `ean`, `jan`, `isbn`, `mpn`, `location`, `quantity`, `stock_status_id`, `image`, `manufacturer_id`, `shipping`, `price`, `points`, `tax_class_id`, `date_available`, `weight`, `weight_class_id`, `length`, `width`, `height`, `length_class_id`, `subtract`, `minimum`, `sort_order`, `status`, `viewed`, `date_added`, `date_modified`) VALUES ('29', 'Product 2', '', '', '', '', '', '', '', '997', '6', 'catalog/products/4.jpg', '6', '1', '279.9900', '0', '9', '2009-02-03', '133.00000000', '2', '0.00000000', '0.00000000', '0.00000000', '3', '1', '1', '0', '1', '0', '2009-02-03 16:42:17', '2020-08-31 11:16:42');
INSERT INTO `oc_product` (`product_id`, `model`, `sku`, `upc`, `ean`, `jan`, `isbn`, `mpn`, `location`, `quantity`, `stock_status_id`, `image`, `manufacturer_id`, `shipping`, `price`, `points`, `tax_class_id`, `date_available`, `weight`, `weight_class_id`, `length`, `width`, `height`, `length_class_id`, `subtract`, `minimum`, `sort_order`, `status`, `viewed`, `date_added`, `date_modified`) VALUES ('30', 'Product 3', '', '', '', '', '', '', '', '7', '6', 'catalog/products/10.jpg', '9', '1', '100.0000', '0', '9', '2009-02-03', '0.00000000', '1', '0.00000000', '0.00000000', '0.00000000', '1', '1', '1', '0', '1', '0', '2009-02-03 16:59:00', '2020-08-31 11:05:33');
INSERT INTO `oc_product` (`product_id`, `model`, `sku`, `upc`, `ean`, `jan`, `isbn`, `mpn`, `location`, `quantity`, `stock_status_id`, `image`, `manufacturer_id`, `shipping`, `price`, `points`, `tax_class_id`, `date_available`, `weight`, `weight_class_id`, `length`, `width`, `height`, `length_class_id`, `subtract`, `minimum`, `sort_order`, `status`, `viewed`, `date_added`, `date_modified`) VALUES ('31', 'Product 4', '', '', '', '', '', '', '', '1000', '6', 'catalog/products/3.jpg', '0', '1', '80.0000', '0', '9', '2009-02-03', '0.00000000', '1', '0.00000000', '0.00000000', '0.00000000', '3', '1', '1', '0', '1', '0', '2009-02-03 17:00:10', '2020-08-31 11:18:00');
INSERT INTO `oc_product` (`product_id`, `model`, `sku`, `upc`, `ean`, `jan`, `isbn`, `mpn`, `location`, `quantity`, `stock_status_id`, `image`, `manufacturer_id`, `shipping`, `price`, `points`, `tax_class_id`, `date_available`, `weight`, `weight_class_id`, `length`, `width`, `height`, `length_class_id`, `subtract`, `minimum`, `sort_order`, `status`, `viewed`, `date_added`, `date_modified`) VALUES ('32', 'Product 5', '', '', '', '', '', '', '', '999', '6', 'catalog/products/18.jpg', '8', '1', '100.0000', '0', '9', '2009-02-03', '5.00000000', '1', '0.00000000', '0.00000000', '0.00000000', '1', '1', '1', '0', '1', '0', '2009-02-03 17:07:26', '2020-08-31 11:25:27');
INSERT INTO `oc_product` (`product_id`, `model`, `sku`, `upc`, `ean`, `jan`, `isbn`, `mpn`, `location`, `quantity`, `stock_status_id`, `image`, `manufacturer_id`, `shipping`, `price`, `points`, `tax_class_id`, `date_available`, `weight`, `weight_class_id`, `length`, `width`, `height`, `length_class_id`, `subtract`, `minimum`, `sort_order`, `status`, `viewed`, `date_added`, `date_modified`) VALUES ('33', 'Product 6', '', '', '', '', '', '', '', '1000', '6', 'catalog/products/14.jpg', '0', '1', '200.0000', '0', '9', '2009-02-03', '5.00000000', '1', '0.00000000', '0.00000000', '0.00000000', '2', '1', '1', '0', '1', '0', '2009-02-03 17:08:31', '2020-08-31 11:27:37');
INSERT INTO `oc_product` (`product_id`, `model`, `sku`, `upc`, `ean`, `jan`, `isbn`, `mpn`, `location`, `quantity`, `stock_status_id`, `image`, `manufacturer_id`, `shipping`, `price`, `points`, `tax_class_id`, `date_available`, `weight`, `weight_class_id`, `length`, `width`, `height`, `length_class_id`, `subtract`, `minimum`, `sort_order`, `status`, `viewed`, `date_added`, `date_modified`) VALUES ('34', 'Product 7', '', '', '', '', '', '', '', '995', '6', 'catalog/products/1.jpg', '8', '1', '100.0000', '0', '9', '2009-02-03', '5.00000000', '1', '0.00000000', '0.00000000', '0.00000000', '2', '1', '1', '0', '1', '0', '2009-02-03 18:07:54', '2020-08-31 11:17:07');
INSERT INTO `oc_product` (`product_id`, `model`, `sku`, `upc`, `ean`, `jan`, `isbn`, `mpn`, `location`, `quantity`, `stock_status_id`, `image`, `manufacturer_id`, `shipping`, `price`, `points`, `tax_class_id`, `date_available`, `weight`, `weight_class_id`, `length`, `width`, `height`, `length_class_id`, `subtract`, `minimum`, `sort_order`, `status`, `viewed`, `date_added`, `date_modified`) VALUES ('35', 'Product 8', '', '', '', '', '', '', '', '998', '5', 'catalog/products/13.jpg', '0', '0', '100.0000', '0', '9', '2009-02-03', '5.00000000', '1', '0.00000000', '0.00000000', '0.00000000', '1', '1', '1', '0', '1', '0', '2009-02-03 18:08:31', '2020-08-31 11:21:29');
INSERT INTO `oc_product` (`product_id`, `model`, `sku`, `upc`, `ean`, `jan`, `isbn`, `mpn`, `location`, `quantity`, `stock_status_id`, `image`, `manufacturer_id`, `shipping`, `price`, `points`, `tax_class_id`, `date_available`, `weight`, `weight_class_id`, `length`, `width`, `height`, `length_class_id`, `subtract`, `minimum`, `sort_order`, `status`, `viewed`, `date_added`, `date_modified`) VALUES ('36', 'Product 9', '', '', '', '', '', '', '', '993', '6', 'catalog/products/8.jpg', '8', '0', '100.0000', '100', '9', '2009-02-03', '5.00000000', '1', '0.00000000', '0.00000000', '0.00000000', '2', '1', '1', '0', '1', '0', '2009-02-03 18:09:19', '2020-08-31 11:05:52');
INSERT INTO `oc_product` (`product_id`, `model`, `sku`, `upc`, `ean`, `jan`, `isbn`, `mpn`, `location`, `quantity`, `stock_status_id`, `image`, `manufacturer_id`, `shipping`, `price`, `points`, `tax_class_id`, `date_available`, `weight`, `weight_class_id`, `length`, `width`, `height`, `length_class_id`, `subtract`, `minimum`, `sort_order`, `status`, `viewed`, `date_added`, `date_modified`) VALUES ('40', 'product 11', '', '', '', '', '', '', '', '968', '5', 'catalog/products/5.jpg', '8', '1', '101.0000', '0', '9', '2009-02-03', '10.00000000', '1', '0.00000000', '0.00000000', '0.00000000', '1', '1', '1', '0', '1', '0', '2009-02-03 21:07:12', '2020-08-31 11:06:15');
INSERT INTO `oc_product` (`product_id`, `model`, `sku`, `upc`, `ean`, `jan`, `isbn`, `mpn`, `location`, `quantity`, `stock_status_id`, `image`, `manufacturer_id`, `shipping`, `price`, `points`, `tax_class_id`, `date_available`, `weight`, `weight_class_id`, `length`, `width`, `height`, `length_class_id`, `subtract`, `minimum`, `sort_order`, `status`, `viewed`, `date_added`, `date_modified`) VALUES ('41', 'Product 14', '', '', '', '', '', '', '', '977', '5', 'catalog/products/2.jpg', '8', '1', '100.0000', '0', '9', '2009-02-03', '5.00000000', '1', '0.00000000', '0.00000000', '0.00000000', '1', '1', '1', '0', '1', '0', '2009-02-03 21:07:26', '2020-08-31 11:12:05');
INSERT INTO `oc_product` (`product_id`, `model`, `sku`, `upc`, `ean`, `jan`, `isbn`, `mpn`, `location`, `quantity`, `stock_status_id`, `image`, `manufacturer_id`, `shipping`, `price`, `points`, `tax_class_id`, `date_available`, `weight`, `weight_class_id`, `length`, `width`, `height`, `length_class_id`, `subtract`, `minimum`, `sort_order`, `status`, `viewed`, `date_added`, `date_modified`) VALUES ('42', 'Product 15', '', '', '', '', '', '', '', '990', '5', 'catalog/products/15.jpg', '8', '1', '100.0000', '400', '9', '2009-02-04', '12.50000000', '1', '1.00000000', '2.00000000', '3.00000000', '1', '1', '2', '0', '1', '0', '2009-02-03 21:07:37', '2020-08-31 11:26:25');
INSERT INTO `oc_product` (`product_id`, `model`, `sku`, `upc`, `ean`, `jan`, `isbn`, `mpn`, `location`, `quantity`, `stock_status_id`, `image`, `manufacturer_id`, `shipping`, `price`, `points`, `tax_class_id`, `date_available`, `weight`, `weight_class_id`, `length`, `width`, `height`, `length_class_id`, `subtract`, `minimum`, `sort_order`, `status`, `viewed`, `date_added`, `date_modified`) VALUES ('43', 'Product 16', '', '', '', '', '', '', '', '929', '5', 'catalog/products/14.jpg', '8', '0', '500.0000', '0', '9', '2009-02-03', '0.00000000', '1', '0.00000000', '0.00000000', '0.00000000', '2', '1', '1', '0', '1', '0', '2009-02-03 21:07:49', '2020-08-31 11:24:21');
INSERT INTO `oc_product` (`product_id`, `model`, `sku`, `upc`, `ean`, `jan`, `isbn`, `mpn`, `location`, `quantity`, `stock_status_id`, `image`, `manufacturer_id`, `shipping`, `price`, `points`, `tax_class_id`, `date_available`, `weight`, `weight_class_id`, `length`, `width`, `height`, `length_class_id`, `subtract`, `minimum`, `sort_order`, `status`, `viewed`, `date_added`, `date_modified`) VALUES ('44', 'Product 17', '', '', '', '', '', '', '', '1000', '5', 'catalog/products/17.jpg', '8', '1', '1000.0000', '0', '9', '2009-02-03', '0.00000000', '1', '0.00000000', '0.00000000', '0.00000000', '2', '1', '1', '0', '1', '0', '2009-02-03 21:08:00', '2020-08-31 11:20:49');
INSERT INTO `oc_product` (`product_id`, `model`, `sku`, `upc`, `ean`, `jan`, `isbn`, `mpn`, `location`, `quantity`, `stock_status_id`, `image`, `manufacturer_id`, `shipping`, `price`, `points`, `tax_class_id`, `date_available`, `weight`, `weight_class_id`, `length`, `width`, `height`, `length_class_id`, `subtract`, `minimum`, `sort_order`, `status`, `viewed`, `date_added`, `date_modified`) VALUES ('45', 'Product 18', '', '', '', '', '', '', '', '997', '5', 'catalog/products/9.jpg', '8', '1', '2000.0000', '0', '0', '2009-02-03', '0.00000000', '1', '0.00000000', '0.00000000', '0.00000000', '2', '1', '1', '0', '1', '0', '2009-02-03 21:08:17', '2020-08-31 11:15:23');
INSERT INTO `oc_product` (`product_id`, `model`, `sku`, `upc`, `ean`, `jan`, `isbn`, `mpn`, `location`, `quantity`, `stock_status_id`, `image`, `manufacturer_id`, `shipping`, `price`, `points`, `tax_class_id`, `date_available`, `weight`, `weight_class_id`, `length`, `width`, `height`, `length_class_id`, `subtract`, `minimum`, `sort_order`, `status`, `viewed`, `date_added`, `date_modified`) VALUES ('46', 'Product 19', '', '', '', '', '', '', '', '999', '5', 'catalog/products/16.jpg', '10', '1', '1000.0000', '0', '9', '2009-02-03', '0.00000000', '1', '0.00000000', '0.00000000', '0.00000000', '2', '1', '1', '0', '1', '0', '2009-02-03 21:08:29', '2020-08-31 11:23:51');
INSERT INTO `oc_product` (`product_id`, `model`, `sku`, `upc`, `ean`, `jan`, `isbn`, `mpn`, `location`, `quantity`, `stock_status_id`, `image`, `manufacturer_id`, `shipping`, `price`, `points`, `tax_class_id`, `date_available`, `weight`, `weight_class_id`, `length`, `width`, `height`, `length_class_id`, `subtract`, `minimum`, `sort_order`, `status`, `viewed`, `date_added`, `date_modified`) VALUES ('47', 'Product 21', '', '', '', '', '', '', '', '1000', '5', 'catalog/products/11.jpg', '7', '1', '100.0000', '400', '9', '2009-02-03', '1.00000000', '1', '0.00000000', '0.00000000', '0.00000000', '1', '0', '1', '0', '1', '0', '2009-02-03 21:08:40', '2020-08-31 11:14:52');
INSERT INTO `oc_product` (`product_id`, `model`, `sku`, `upc`, `ean`, `jan`, `isbn`, `mpn`, `location`, `quantity`, `stock_status_id`, `image`, `manufacturer_id`, `shipping`, `price`, `points`, `tax_class_id`, `date_available`, `weight`, `weight_class_id`, `length`, `width`, `height`, `length_class_id`, `subtract`, `minimum`, `sort_order`, `status`, `viewed`, `date_added`, `date_modified`) VALUES ('48', 'product 20', 'test 1', '', '', '', '', '', 'test 2', '988', '5', 'catalog/products/7.jpg', '8', '1', '100.0000', '0', '9', '2009-02-08', '1.00000000', '1', '0.00000000', '0.00000000', '0.00000000', '2', '1', '1', '0', '1', '0', '2009-02-08 17:21:51', '2020-08-31 11:06:39');
INSERT INTO `oc_product` (`product_id`, `model`, `sku`, `upc`, `ean`, `jan`, `isbn`, `mpn`, `location`, `quantity`, `stock_status_id`, `image`, `manufacturer_id`, `shipping`, `price`, `points`, `tax_class_id`, `date_available`, `weight`, `weight_class_id`, `length`, `width`, `height`, `length_class_id`, `subtract`, `minimum`, `sort_order`, `status`, `viewed`, `date_added`, `date_modified`) VALUES ('49', 'SAM1', '', '', '', '', '', '', '', '0', '8', 'catalog/products/6.jpg', '0', '1', '199.9900', '0', '9', '2011-04-25', '0.00000000', '1', '0.00000000', '0.00000000', '0.00000000', '1', '1', '1', '1', '1', '0', '2011-04-26 08:57:34', '2020-08-31 11:16:19');


TRUNCATE TABLE `oc_product_attribute`;

INSERT INTO `oc_product_attribute` (`product_id`, `attribute_id`, `language_id`, `text`) VALUES ('42', '3', '1', '100mhz');
INSERT INTO `oc_product_attribute` (`product_id`, `attribute_id`, `language_id`, `text`) VALUES ('47', '4', '1', '16GB');
INSERT INTO `oc_product_attribute` (`product_id`, `attribute_id`, `language_id`, `text`) VALUES ('43', '2', '2', '1');
INSERT INTO `oc_product_attribute` (`product_id`, `attribute_id`, `language_id`, `text`) VALUES ('47', '2', '2', '4');
INSERT INTO `oc_product_attribute` (`product_id`, `attribute_id`, `language_id`, `text`) VALUES ('43', '4', '1', '8gb');
INSERT INTO `oc_product_attribute` (`product_id`, `attribute_id`, `language_id`, `text`) VALUES ('42', '3', '2', '100mhz');
INSERT INTO `oc_product_attribute` (`product_id`, `attribute_id`, `language_id`, `text`) VALUES ('47', '2', '1', '4');
INSERT INTO `oc_product_attribute` (`product_id`, `attribute_id`, `language_id`, `text`) VALUES ('43', '2', '1', '1');
INSERT INTO `oc_product_attribute` (`product_id`, `attribute_id`, `language_id`, `text`) VALUES ('47', '4', '2', '16GB');
INSERT INTO `oc_product_attribute` (`product_id`, `attribute_id`, `language_id`, `text`) VALUES ('43', '4', '2', '8gb');


TRUNCATE TABLE `oc_product_description`;

INSERT INTO `oc_product_description` (`product_id`, `language_id`, `name`, `description`, `tag`, `meta_title`, `meta_description`, `meta_keyword`) VALUES ('41', '1', 'women long slive tshirt', '&lt;div&gt;\r\n\tJust when you thought iMac had everything, now there´s even more. More powerful Intel Core 2 Duo processors. And more memory standard. Combine this with Mac OS X Leopard and iLife ´08, and it´s more all-in-one than ever. iMac packs amazing performance into a stunningly slim space.&lt;/div&gt;\r\n', '', 'women long slive tshirt', '', '');
INSERT INTO `oc_product_description` (`product_id`, `language_id`, `name`, `description`, `tag`, `meta_title`, `meta_description`, `meta_keyword`) VALUES ('41', '2', 'women long slive tshirt', '&lt;div&gt;\r\n\tJust when you thought iMac had everything, now there´s even more. More powerful Intel Core 2 Duo processors. And more memory standard. Combine this with Mac OS X Leopard and iLife ´08, and it´s more all-in-one than ever. iMac packs amazing performance into a stunningly slim space.&lt;/div&gt;\r\n', '', 'women long slive tshirt', '', '');
INSERT INTO `oc_product_description` (`product_id`, `language_id`, `name`, `description`, `tag`, `meta_title`, `meta_description`, `meta_keyword`) VALUES ('45', '1', 'sony speaker', '&lt;div class=&quot;cpt_product_description &quot;&gt;\r\n\t&lt;div&gt;\r\n\t\t&lt;p&gt;\r\n\t\t\t&lt;b&gt;Latest Intel mobile architecture&lt;/b&gt;&lt;/p&gt;\r\n\t\t&lt;p&gt;\r\n\t\t\tPowered by the most advanced mobile processors from Intel, the new Core 2 Duo MacBook Pro is over 50% faster than the original Core Duo MacBook Pro and now supports up to 4GB of RAM.&lt;/p&gt;\r\n\t\t&lt;p&gt;\r\n\t\t\t&lt;b&gt;Leading-edge graphics&lt;/b&gt;&lt;/p&gt;\r\n\t\t&lt;p&gt;\r\n\t\t\tThe NVIDIA GeForce 8600M GT delivers exceptional graphics processing power. For the ultimate creative canvas, you can even configure the 17-inch model with a 1920-by-1200 resolution display.&lt;/p&gt;\r\n\t\t&lt;p&gt;\r\n\t\t\t&lt;b&gt;Designed for life on the road&lt;/b&gt;&lt;/p&gt;\r\n\t\t&lt;p&gt;\r\n\t\t\tInnovations such as a magnetic power connection and an illuminated keyboard with ambient light sensor put the MacBook Pro in a class by itself.&lt;/p&gt;\r\n\t\t&lt;p&gt;\r\n\t\t\t&lt;b&gt;Connect. Create. Communicate.&lt;/b&gt;&lt;/p&gt;\r\n\t\t&lt;p&gt;\r\n\t\t\tQuickly set up a video conference with the built-in iSight camera. Control presentations and media from up to 30 feet away with the included Apple Remote. Connect to high-bandwidth peripherals with FireWire 800 and DVI.&lt;/p&gt;\r\n\t\t&lt;p&gt;\r\n\t\t\t&lt;b&gt;Next-generation wireless&lt;/b&gt;&lt;/p&gt;\r\n\t\t&lt;p&gt;\r\n\t\t\tFeaturing 802.11n wireless technology, the MacBook Pro delivers up to five times the performance and up to twice the range of previous-generation technologies.&lt;/p&gt;\r\n\t&lt;/div&gt;\r\n&lt;/div&gt;\r\n&lt;!-- cpt_container_end --&gt;', '', 'sony speaker', '', '');
INSERT INTO `oc_product_description` (`product_id`, `language_id`, `name`, `description`, `tag`, `meta_title`, `meta_description`, `meta_keyword`) VALUES ('32', '2', 'fancy purse', '&lt;p&gt;\r\n\t&lt;strong&gt;Revolutionary multi-touch interface.&lt;/strong&gt;&lt;br&gt;\r\n\tiPod touch features the same multi-touch screen technology as iPhone. Pinch to zoom in on a photo. Scroll through your songs and videos with a flick. Flip through your library by album artwork with Cover Flow.&lt;/p&gt;\r\n&lt;p&gt;\r\n\t&lt;strong&gt;Gorgeous 3.5-inch widescreen display.&lt;/strong&gt;&lt;br&gt;\r\n\tWatch your movies, TV shows, and photos come alive with bright, vivid color on the 320-by-480-pixel display.&lt;/p&gt;\r\n&lt;p&gt;\r\n\t&lt;strong&gt;Music downloads straight from iTunes.&lt;/strong&gt;&lt;br&gt;\r\n\tShop the iTunes Wi-Fi Music Store from anywhere with Wi-Fi.1 Browse or search to find the music youre looking for, preview it, and buy it with just a tap.&lt;/p&gt;\r\n&lt;p&gt;\r\n\t&lt;strong&gt;Surf the web with Wi-Fi.&lt;/strong&gt;&lt;br&gt;\r\n\tBrowse the web using Safari and watch YouTube videos on the first iPod with Wi-Fi built in&lt;br&gt;\r\n\t&amp;nbsp;&lt;/p&gt;\r\n', '', 'fancy purse', '', '');
INSERT INTO `oc_product_description` (`product_id`, `language_id`, `name`, `description`, `tag`, `meta_title`, `meta_description`, `meta_keyword`) VALUES ('34', '2', 'apple hanspree', '&lt;div&gt;\r\n\t&lt;strong&gt;Born to be worn.&lt;/strong&gt;\r\n\t&lt;p&gt;\r\n\t\tClip on the worlds most wearable music player and take up to 240 songs with you anywhere. Choose from five colors including four new hues to make your musical fashion statement.&lt;/p&gt;\r\n\t&lt;p&gt;\r\n\t\t&lt;strong&gt;Random meets rhythm.&lt;/strong&gt;&lt;/p&gt;\r\n\t&lt;p&gt;\r\n\t\tWith iTunes autofill, iPod shuffle can deliver a new musical experience every time you sync. For more randomness, you can shuffle songs during playback with the slide of a switch.&lt;/p&gt;\r\n\t&lt;strong&gt;Everything is easy.&lt;/strong&gt;\r\n\t&lt;p&gt;\r\n\t\tCharge and sync with the included USB dock. Operate the iPod shuffle controls with one hand. Enjoy up to 12 hours straight of skip-free music playback.&lt;/p&gt;\r\n&lt;/div&gt;\r\n', '', 'apple hanspree', '', '');
INSERT INTO `oc_product_description` (`product_id`, `language_id`, `name`, `description`, `tag`, `meta_title`, `meta_description`, `meta_keyword`) VALUES ('34', '1', 'apple hanspree', '&lt;div&gt;\r\n\t&lt;strong&gt;Born to be worn.&lt;/strong&gt;\r\n\t&lt;p&gt;\r\n\t\tClip on the worlds most wearable music player and take up to 240 songs with you anywhere. Choose from five colors including four new hues to make your musical fashion statement.&lt;/p&gt;\r\n\t&lt;p&gt;\r\n\t\t&lt;strong&gt;Random meets rhythm.&lt;/strong&gt;&lt;/p&gt;\r\n\t&lt;p&gt;\r\n\t\tWith iTunes autofill, iPod shuffle can deliver a new musical experience every time you sync. For more randomness, you can shuffle songs during playback with the slide of a switch.&lt;/p&gt;\r\n\t&lt;strong&gt;Everything is easy.&lt;/strong&gt;\r\n\t&lt;p&gt;\r\n\t\tCharge and sync with the included USB dock. Operate the iPod shuffle controls with one hand. Enjoy up to 12 hours straight of skip-free music playback.&lt;/p&gt;\r\n&lt;/div&gt;\r\n', '', 'apple hanspree', '', '');
INSERT INTO `oc_product_description` (`product_id`, `language_id`, `name`, `description`, `tag`, `meta_title`, `meta_description`, `meta_keyword`) VALUES ('42', '1', 'colour sport shooes', '&lt;p&gt;\r\n\t&lt;font face=&quot;helvetica,geneva,arial&quot; size=&quot;2&quot;&gt;&lt;font face=&quot;Helvetica&quot; size=&quot;2&quot;&gt;The 30-inch Apple Cinema HD Display delivers an amazing 2560 x 1600 pixel resolution. Designed specifically for the creative professional, this display provides more space for easier access to all the tools and palettes needed to edit, format and composite your work. Combine this display with a Mac Pro, MacBook Pro, or PowerMac G5 and there\'s no limit to what you can achieve. &lt;br&gt;\r\n\t&lt;br&gt;\r\n\t&lt;/font&gt;&lt;font face=&quot;Helvetica&quot; size=&quot;2&quot;&gt;The Cinema HD features an active-matrix liquid crystal display that produces flicker-free images that deliver twice the brightness, twice the sharpness and twice the contrast ratio of a typical CRT display. Unlike other flat panels, it\'s designed with a pure digital interface to deliver distortion-free images that never need adjusting. With over 4 million digital pixels, the display is uniquely suited for scientific and technical applications such as visualizing molecular structures or analyzing geological data. &lt;br&gt;\r\n\t&lt;br&gt;\r\n\t&lt;/font&gt;&lt;font face=&quot;Helvetica&quot; size=&quot;2&quot;&gt;Offering accurate, brilliant color performance, the Cinema HD delivers up to 16.7 million colors across a wide gamut allowing you to see subtle nuances between colors from soft pastels to rich jewel tones. A wide viewing angle ensures uniform color from edge to edge. Apple\'s ColorSync technology allows you to create custom profiles to maintain consistent color onscreen and in print. The result: You can confidently use this display in all your color-critical applications. &lt;br&gt;\r\n\t&lt;br&gt;\r\n\t&lt;/font&gt;&lt;font face=&quot;Helvetica&quot; size=&quot;2&quot;&gt;Housed in a new aluminum design, the display has a very thin bezel that enhances visual accuracy. Each display features two FireWire 400 ports and two USB 2.0 ports, making attachment of desktop peripherals, such as iSight, iPod, digital and still cameras, hard drives, printers and scanners, even more accessible and convenient. Taking advantage of the much thinner and lighter footprint of an LCD, the new displays support the VESA (Video Electronics Standards Association) mounting interface standard. Customers with the optional Cinema Display VESA Mount Adapter kit gain the flexibility to mount their display in locations most appropriate for their work environment. &lt;br&gt;\r\n\t&lt;br&gt;\r\n\t&lt;/font&gt;&lt;font face=&quot;Helvetica&quot; size=&quot;2&quot;&gt;The Cinema HD features a single cable design with elegant breakout for the USB 2.0, FireWire 400 and a pure digital connection using the industry standard Digital Video Interface (DVI) interface. The DVI connection allows for a direct pure-digital connection.&lt;br&gt;\r\n\t&lt;/font&gt;&lt;/font&gt;&lt;/p&gt;\r\n&lt;h3&gt;\r\n\tFeatures:&lt;/h3&gt;\r\n&lt;p&gt;\r\n\tUnrivaled display performance&lt;/p&gt;\r\n&lt;ul&gt;\r\n\t&lt;li&gt;\r\n\t\t30-inch (viewable) active-matrix liquid crystal display provides breathtaking image quality and vivid, richly saturated color.&lt;/li&gt;\r\n\t&lt;li&gt;\r\n\t\tSupport for 2560-by-1600 pixel resolution for display of high definition still and video imagery.&lt;/li&gt;\r\n\t&lt;li&gt;\r\n\t\tWide-format design for simultaneous display of two full pages of text and graphics.&lt;/li&gt;\r\n\t&lt;li&gt;\r\n\t\tIndustry standard DVI connector for direct attachment to Mac- and Windows-based desktops and notebooks&lt;/li&gt;\r\n\t&lt;li&gt;\r\n\t\tIncredibly wide (170 degree) horizontal and vertical viewing angle for maximum visibility and color performance.&lt;/li&gt;\r\n\t&lt;li&gt;\r\n\t\tLightning-fast pixel response for full-motion digital video playback.&lt;/li&gt;\r\n\t&lt;li&gt;\r\n\t\tSupport for 16.7 million saturated colors, for use in all graphics-intensive applications.&lt;/li&gt;\r\n&lt;/ul&gt;\r\n&lt;p&gt;\r\n\tSimple setup and operation&lt;/p&gt;\r\n&lt;ul&gt;\r\n\t&lt;li&gt;\r\n\t\tSingle cable with elegant breakout for connection to DVI, USB and FireWire ports&lt;/li&gt;\r\n\t&lt;li&gt;\r\n\t\tBuilt-in two-port USB 2.0 hub for easy connection of desktop peripheral devices.&lt;/li&gt;\r\n\t&lt;li&gt;\r\n\t\tTwo FireWire 400 ports to support iSight and other desktop peripherals&lt;/li&gt;\r\n&lt;/ul&gt;\r\n&lt;p&gt;\r\n\tSleek, elegant design&lt;/p&gt;\r\n&lt;ul&gt;\r\n\t&lt;li&gt;\r\n\t\tHuge virtual workspace, very small footprint.&lt;/li&gt;\r\n\t&lt;li&gt;\r\n\t\tNarrow Bezel design to minimize visual impact of using dual displays&lt;/li&gt;\r\n\t&lt;li&gt;\r\n\t\tUnique hinge design for effortless adjustment&lt;/li&gt;\r\n\t&lt;li&gt;\r\n\t\tSupport for VESA mounting solutions (Apple Cinema Display VESA Mount Adapter sold separately)&lt;/li&gt;\r\n&lt;/ul&gt;\r\n&lt;h3&gt;\r\n\tTechnical specifications&lt;/h3&gt;\r\n&lt;p&gt;\r\n\t&lt;b&gt;Screen size (diagonal viewable image size)&lt;/b&gt;&lt;/p&gt;\r\n&lt;ul&gt;\r\n\t&lt;li&gt;\r\n\t\tApple Cinema HD Display: 30 inches (29.7-inch viewable)&lt;/li&gt;\r\n&lt;/ul&gt;\r\n&lt;p&gt;\r\n\t&lt;b&gt;Screen type&lt;/b&gt;&lt;/p&gt;\r\n&lt;ul&gt;\r\n\t&lt;li&gt;\r\n\t\tThin film transistor (TFT) active-matrix liquid crystal display (AMLCD)&lt;/li&gt;\r\n&lt;/ul&gt;\r\n&lt;p&gt;\r\n\t&lt;b&gt;Resolutions&lt;/b&gt;&lt;/p&gt;\r\n&lt;ul&gt;\r\n\t&lt;li&gt;\r\n\t\t2560 x 1600 pixels (optimum resolution)&lt;/li&gt;\r\n\t&lt;li&gt;\r\n\t\t2048 x 1280&lt;/li&gt;\r\n\t&lt;li&gt;\r\n\t\t1920 x 1200&lt;/li&gt;\r\n\t&lt;li&gt;\r\n\t\t1280 x 800&lt;/li&gt;\r\n\t&lt;li&gt;\r\n\t\t1024 x 640&lt;/li&gt;\r\n&lt;/ul&gt;\r\n&lt;p&gt;\r\n\t&lt;b&gt;Display colors (maximum)&lt;/b&gt;&lt;/p&gt;\r\n&lt;ul&gt;\r\n\t&lt;li&gt;\r\n\t\t16.7 million&lt;/li&gt;\r\n&lt;/ul&gt;\r\n&lt;p&gt;\r\n\t&lt;b&gt;Viewing angle (typical)&lt;/b&gt;&lt;/p&gt;\r\n&lt;ul&gt;\r\n\t&lt;li&gt;\r\n\t\t170° horizontal; 170° vertical&lt;/li&gt;\r\n&lt;/ul&gt;\r\n&lt;p&gt;\r\n\t&lt;b&gt;Brightness (typical)&lt;/b&gt;&lt;/p&gt;\r\n&lt;ul&gt;\r\n\t&lt;li&gt;\r\n\t\t30-inch Cinema HD Display: 400 cd/m2&lt;/li&gt;\r\n&lt;/ul&gt;\r\n&lt;p&gt;\r\n\t&lt;b&gt;Contrast ratio (typical)&lt;/b&gt;&lt;/p&gt;\r\n&lt;ul&gt;\r\n\t&lt;li&gt;\r\n\t\t700:1&lt;/li&gt;\r\n&lt;/ul&gt;\r\n&lt;p&gt;\r\n\t&lt;b&gt;Response time (typical)&lt;/b&gt;&lt;/p&gt;\r\n&lt;ul&gt;\r\n\t&lt;li&gt;\r\n\t\t16 ms&lt;/li&gt;\r\n&lt;/ul&gt;\r\n&lt;p&gt;\r\n\t&lt;b&gt;Pixel pitch&lt;/b&gt;&lt;/p&gt;\r\n&lt;ul&gt;\r\n\t&lt;li&gt;\r\n\t\t30-inch Cinema HD Display: 0.250 mm&lt;/li&gt;\r\n&lt;/ul&gt;\r\n&lt;p&gt;\r\n\t&lt;b&gt;Screen treatment&lt;/b&gt;&lt;/p&gt;\r\n&lt;ul&gt;\r\n\t&lt;li&gt;\r\n\t\tAntiglare hardcoat&lt;/li&gt;\r\n&lt;/ul&gt;\r\n&lt;p&gt;\r\n\t&lt;b&gt;User controls (hardware and software)&lt;/b&gt;&lt;/p&gt;\r\n&lt;ul&gt;\r\n\t&lt;li&gt;\r\n\t\tDisplay Power,&lt;/li&gt;\r\n\t&lt;li&gt;\r\n\t\tSystem sleep, wake&lt;/li&gt;\r\n\t&lt;li&gt;\r\n\t\tBrightness&lt;/li&gt;\r\n\t&lt;li&gt;\r\n\t\tMonitor tilt&lt;/li&gt;\r\n&lt;/ul&gt;\r\n&lt;p&gt;\r\n\t&lt;b&gt;Connectors and cables&lt;/b&gt;&lt;br&gt;\r\n\tCable&lt;/p&gt;\r\n&lt;ul&gt;\r\n\t&lt;li&gt;\r\n\t\tDVI (Digital Visual Interface)&lt;/li&gt;\r\n\t&lt;li&gt;\r\n\t\tFireWire 400&lt;/li&gt;\r\n\t&lt;li&gt;\r\n\t\tUSB 2.0&lt;/li&gt;\r\n\t&lt;li&gt;\r\n\t\tDC power (24 V)&lt;/li&gt;\r\n&lt;/ul&gt;\r\n&lt;p&gt;\r\n\tConnectors&lt;/p&gt;\r\n&lt;ul&gt;\r\n\t&lt;li&gt;\r\n\t\tTwo-port, self-powered USB 2.0 hub&lt;/li&gt;\r\n\t&lt;li&gt;\r\n\t\tTwo FireWire 400 ports&lt;/li&gt;\r\n\t&lt;li&gt;\r\n\t\tKensington security port&lt;/li&gt;\r\n&lt;/ul&gt;\r\n&lt;p&gt;\r\n\t&lt;b&gt;VESA mount adapter&lt;/b&gt;&lt;br&gt;\r\n\tRequires optional Cinema Display VESA Mount Adapter (M9649G/A)&lt;/p&gt;\r\n&lt;ul&gt;\r\n\t&lt;li&gt;\r\n\t\tCompatible with VESA FDMI (MIS-D, 100, C) compliant mounting solutions&lt;/li&gt;\r\n&lt;/ul&gt;\r\n&lt;p&gt;\r\n\t&lt;b&gt;Electrical requirements&lt;/b&gt;&lt;/p&gt;\r\n&lt;ul&gt;\r\n\t&lt;li&gt;\r\n\t\tInput voltage: 100-240 VAC 50-60Hz&lt;/li&gt;\r\n\t&lt;li&gt;\r\n\t\tMaximum power when operating: 150W&lt;/li&gt;\r\n\t&lt;li&gt;\r\n\t\tEnergy saver mode: 3W or less&lt;/li&gt;\r\n&lt;/ul&gt;\r\n&lt;p&gt;\r\n\t&lt;b&gt;Environmental requirements&lt;/b&gt;&lt;/p&gt;\r\n&lt;ul&gt;\r\n\t&lt;li&gt;\r\n\t\tOperating temperature: 50° to 95° F (10° to 35° C)&lt;/li&gt;\r\n\t&lt;li&gt;\r\n\t\tStorage temperature: -40° to 116° F (-40° to 47° C)&lt;/li&gt;\r\n\t&lt;li&gt;\r\n\t\tOperating humidity: 20% to 80% noncondensing&lt;/li&gt;\r\n\t&lt;li&gt;\r\n\t\tMaximum operating altitude: 10,000 feet&lt;/li&gt;\r\n&lt;/ul&gt;\r\n&lt;p&gt;\r\n\t&lt;b&gt;Agency approvals&lt;/b&gt;&lt;/p&gt;\r\n&lt;ul&gt;\r\n\t&lt;li&gt;\r\n\t\tFCC Part 15 Class B&lt;/li&gt;\r\n\t&lt;li&gt;\r\n\t\tEN55022 Class B&lt;/li&gt;\r\n\t&lt;li&gt;\r\n\t\tEN55024&lt;/li&gt;\r\n\t&lt;li&gt;\r\n\t\tVCCI Class B&lt;/li&gt;\r\n\t&lt;li&gt;\r\n\t\tAS/NZS 3548 Class B&lt;/li&gt;\r\n\t&lt;li&gt;\r\n\t\tCNS 13438 Class B&lt;/li&gt;\r\n\t&lt;li&gt;\r\n\t\tICES-003 Class B&lt;/li&gt;\r\n\t&lt;li&gt;\r\n\t\tISO 13406 part 2&lt;/li&gt;\r\n\t&lt;li&gt;\r\n\t\tMPR II&lt;/li&gt;\r\n\t&lt;li&gt;\r\n\t\tIEC 60950&lt;/li&gt;\r\n\t&lt;li&gt;\r\n\t\tUL 60950&lt;/li&gt;\r\n\t&lt;li&gt;\r\n\t\tCSA 60950&lt;/li&gt;\r\n\t&lt;li&gt;\r\n\t\tEN60950&lt;/li&gt;\r\n\t&lt;li&gt;\r\n\t\tENERGY STAR&lt;/li&gt;\r\n\t&lt;li&gt;\r\n\t\tTCO \'03&lt;/li&gt;\r\n&lt;/ul&gt;\r\n&lt;p&gt;\r\n\t&lt;b&gt;Size and weight&lt;/b&gt;&lt;br&gt;\r\n\t30-inch Apple Cinema HD Display&lt;/p&gt;\r\n&lt;ul&gt;\r\n\t&lt;li&gt;\r\n\t\tHeight: 21.3 inches (54.3 cm)&lt;/li&gt;\r\n\t&lt;li&gt;\r\n\t\tWidth: 27.2 inches (68.8 cm)&lt;/li&gt;\r\n\t&lt;li&gt;\r\n\t\tDepth: 8.46 inches (21.5 cm)&lt;/li&gt;\r\n\t&lt;li&gt;\r\n\t\tWeight: 27.5 pounds (12.5 kg)&lt;/li&gt;\r\n&lt;/ul&gt;\r\n&lt;p&gt;\r\n\t&lt;b&gt;System Requirements&lt;/b&gt;&lt;/p&gt;\r\n&lt;ul&gt;\r\n\t&lt;li&gt;\r\n\t\tMac Pro, all graphic options&lt;/li&gt;\r\n\t&lt;li&gt;\r\n\t\tMacBook Pro&lt;/li&gt;\r\n\t&lt;li&gt;\r\n\t\tPower Mac G5 (PCI-X) with ATI Radeon 9650 or better or NVIDIA GeForce 6800 GT DDL or better&lt;/li&gt;\r\n\t&lt;li&gt;\r\n\t\tPower Mac G5 (PCI Express), all graphics options&lt;/li&gt;\r\n\t&lt;li&gt;\r\n\t\tPowerBook G4 with dual-link DVI support&lt;/li&gt;\r\n\t&lt;li&gt;\r\n\t\tWindows PC and graphics card that supports DVI ports with dual-link digital bandwidth and VESA DDC standard for plug-and-play setup&lt;/li&gt;\r\n&lt;/ul&gt;\r\n', '', 'colour sport shooes', '', '');
INSERT INTO `oc_product_description` (`product_id`, `language_id`, `name`, `description`, `tag`, `meta_title`, `meta_description`, `meta_keyword`) VALUES ('42', '2', 'colour sport shooes', '&lt;p&gt;\r\n\t&lt;font face=&quot;helvetica,geneva,arial&quot; size=&quot;2&quot;&gt;&lt;font face=&quot;Helvetica&quot; size=&quot;2&quot;&gt;The 30-inch Apple Cinema HD Display delivers an amazing 2560 x 1600 pixel resolution. Designed specifically for the creative professional, this display provides more space for easier access to all the tools and palettes needed to edit, format and composite your work. Combine this display with a Mac Pro, MacBook Pro, or PowerMac G5 and there\'s no limit to what you can achieve. &lt;br&gt;\r\n\t&lt;br&gt;\r\n\t&lt;/font&gt;&lt;font face=&quot;Helvetica&quot; size=&quot;2&quot;&gt;The Cinema HD features an active-matrix liquid crystal display that produces flicker-free images that deliver twice the brightness, twice the sharpness and twice the contrast ratio of a typical CRT display. Unlike other flat panels, it\'s designed with a pure digital interface to deliver distortion-free images that never need adjusting. With over 4 million digital pixels, the display is uniquely suited for scientific and technical applications such as visualizing molecular structures or analyzing geological data. &lt;br&gt;\r\n\t&lt;br&gt;\r\n\t&lt;/font&gt;&lt;font face=&quot;Helvetica&quot; size=&quot;2&quot;&gt;Offering accurate, brilliant color performance, the Cinema HD delivers up to 16.7 million colors across a wide gamut allowing you to see subtle nuances between colors from soft pastels to rich jewel tones. A wide viewing angle ensures uniform color from edge to edge. Apple\'s ColorSync technology allows you to create custom profiles to maintain consistent color onscreen and in print. The result: You can confidently use this display in all your color-critical applications. &lt;br&gt;\r\n\t&lt;br&gt;\r\n\t&lt;/font&gt;&lt;font face=&quot;Helvetica&quot; size=&quot;2&quot;&gt;Housed in a new aluminum design, the display has a very thin bezel that enhances visual accuracy. Each display features two FireWire 400 ports and two USB 2.0 ports, making attachment of desktop peripherals, such as iSight, iPod, digital and still cameras, hard drives, printers and scanners, even more accessible and convenient. Taking advantage of the much thinner and lighter footprint of an LCD, the new displays support the VESA (Video Electronics Standards Association) mounting interface standard. Customers with the optional Cinema Display VESA Mount Adapter kit gain the flexibility to mount their display in locations most appropriate for their work environment. &lt;br&gt;\r\n\t&lt;br&gt;\r\n\t&lt;/font&gt;&lt;font face=&quot;Helvetica&quot; size=&quot;2&quot;&gt;The Cinema HD features a single cable design with elegant breakout for the USB 2.0, FireWire 400 and a pure digital connection using the industry standard Digital Video Interface (DVI) interface. The DVI connection allows for a direct pure-digital connection.&lt;br&gt;\r\n\t&lt;/font&gt;&lt;/font&gt;&lt;/p&gt;\r\n&lt;h3&gt;\r\n\tFeatures:&lt;/h3&gt;\r\n&lt;p&gt;\r\n\tUnrivaled display performance&lt;/p&gt;\r\n&lt;ul&gt;\r\n\t&lt;li&gt;\r\n\t\t30-inch (viewable) active-matrix liquid crystal display provides breathtaking image quality and vivid, richly saturated color.&lt;/li&gt;\r\n\t&lt;li&gt;\r\n\t\tSupport for 2560-by-1600 pixel resolution for display of high definition still and video imagery.&lt;/li&gt;\r\n\t&lt;li&gt;\r\n\t\tWide-format design for simultaneous display of two full pages of text and graphics.&lt;/li&gt;\r\n\t&lt;li&gt;\r\n\t\tIndustry standard DVI connector for direct attachment to Mac- and Windows-based desktops and notebooks&lt;/li&gt;\r\n\t&lt;li&gt;\r\n\t\tIncredibly wide (170 degree) horizontal and vertical viewing angle for maximum visibility and color performance.&lt;/li&gt;\r\n\t&lt;li&gt;\r\n\t\tLightning-fast pixel response for full-motion digital video playback.&lt;/li&gt;\r\n\t&lt;li&gt;\r\n\t\tSupport for 16.7 million saturated colors, for use in all graphics-intensive applications.&lt;/li&gt;\r\n&lt;/ul&gt;\r\n&lt;p&gt;\r\n\tSimple setup and operation&lt;/p&gt;\r\n&lt;ul&gt;\r\n\t&lt;li&gt;\r\n\t\tSingle cable with elegant breakout for connection to DVI, USB and FireWire ports&lt;/li&gt;\r\n\t&lt;li&gt;\r\n\t\tBuilt-in two-port USB 2.0 hub for easy connection of desktop peripheral devices.&lt;/li&gt;\r\n\t&lt;li&gt;\r\n\t\tTwo FireWire 400 ports to support iSight and other desktop peripherals&lt;/li&gt;\r\n&lt;/ul&gt;\r\n&lt;p&gt;\r\n\tSleek, elegant design&lt;/p&gt;\r\n&lt;ul&gt;\r\n\t&lt;li&gt;\r\n\t\tHuge virtual workspace, very small footprint.&lt;/li&gt;\r\n\t&lt;li&gt;\r\n\t\tNarrow Bezel design to minimize visual impact of using dual displays&lt;/li&gt;\r\n\t&lt;li&gt;\r\n\t\tUnique hinge design for effortless adjustment&lt;/li&gt;\r\n\t&lt;li&gt;\r\n\t\tSupport for VESA mounting solutions (Apple Cinema Display VESA Mount Adapter sold separately)&lt;/li&gt;\r\n&lt;/ul&gt;\r\n&lt;h3&gt;\r\n\tTechnical specifications&lt;/h3&gt;\r\n&lt;p&gt;\r\n\t&lt;b&gt;Screen size (diagonal viewable image size)&lt;/b&gt;&lt;/p&gt;\r\n&lt;ul&gt;\r\n\t&lt;li&gt;\r\n\t\tApple Cinema HD Display: 30 inches (29.7-inch viewable)&lt;/li&gt;\r\n&lt;/ul&gt;\r\n&lt;p&gt;\r\n\t&lt;b&gt;Screen type&lt;/b&gt;&lt;/p&gt;\r\n&lt;ul&gt;\r\n\t&lt;li&gt;\r\n\t\tThin film transistor (TFT) active-matrix liquid crystal display (AMLCD)&lt;/li&gt;\r\n&lt;/ul&gt;\r\n&lt;p&gt;\r\n\t&lt;b&gt;Resolutions&lt;/b&gt;&lt;/p&gt;\r\n&lt;ul&gt;\r\n\t&lt;li&gt;\r\n\t\t2560 x 1600 pixels (optimum resolution)&lt;/li&gt;\r\n\t&lt;li&gt;\r\n\t\t2048 x 1280&lt;/li&gt;\r\n\t&lt;li&gt;\r\n\t\t1920 x 1200&lt;/li&gt;\r\n\t&lt;li&gt;\r\n\t\t1280 x 800&lt;/li&gt;\r\n\t&lt;li&gt;\r\n\t\t1024 x 640&lt;/li&gt;\r\n&lt;/ul&gt;\r\n&lt;p&gt;\r\n\t&lt;b&gt;Display colors (maximum)&lt;/b&gt;&lt;/p&gt;\r\n&lt;ul&gt;\r\n\t&lt;li&gt;\r\n\t\t16.7 million&lt;/li&gt;\r\n&lt;/ul&gt;\r\n&lt;p&gt;\r\n\t&lt;b&gt;Viewing angle (typical)&lt;/b&gt;&lt;/p&gt;\r\n&lt;ul&gt;\r\n\t&lt;li&gt;\r\n\t\t170° horizontal; 170° vertical&lt;/li&gt;\r\n&lt;/ul&gt;\r\n&lt;p&gt;\r\n\t&lt;b&gt;Brightness (typical)&lt;/b&gt;&lt;/p&gt;\r\n&lt;ul&gt;\r\n\t&lt;li&gt;\r\n\t\t30-inch Cinema HD Display: 400 cd/m2&lt;/li&gt;\r\n&lt;/ul&gt;\r\n&lt;p&gt;\r\n\t&lt;b&gt;Contrast ratio (typical)&lt;/b&gt;&lt;/p&gt;\r\n&lt;ul&gt;\r\n\t&lt;li&gt;\r\n\t\t700:1&lt;/li&gt;\r\n&lt;/ul&gt;\r\n&lt;p&gt;\r\n\t&lt;b&gt;Response time (typical)&lt;/b&gt;&lt;/p&gt;\r\n&lt;ul&gt;\r\n\t&lt;li&gt;\r\n\t\t16 ms&lt;/li&gt;\r\n&lt;/ul&gt;\r\n&lt;p&gt;\r\n\t&lt;b&gt;Pixel pitch&lt;/b&gt;&lt;/p&gt;\r\n&lt;ul&gt;\r\n\t&lt;li&gt;\r\n\t\t30-inch Cinema HD Display: 0.250 mm&lt;/li&gt;\r\n&lt;/ul&gt;\r\n&lt;p&gt;\r\n\t&lt;b&gt;Screen treatment&lt;/b&gt;&lt;/p&gt;\r\n&lt;ul&gt;\r\n\t&lt;li&gt;\r\n\t\tAntiglare hardcoat&lt;/li&gt;\r\n&lt;/ul&gt;\r\n&lt;p&gt;\r\n\t&lt;b&gt;User controls (hardware and software)&lt;/b&gt;&lt;/p&gt;\r\n&lt;ul&gt;\r\n\t&lt;li&gt;\r\n\t\tDisplay Power,&lt;/li&gt;\r\n\t&lt;li&gt;\r\n\t\tSystem sleep, wake&lt;/li&gt;\r\n\t&lt;li&gt;\r\n\t\tBrightness&lt;/li&gt;\r\n\t&lt;li&gt;\r\n\t\tMonitor tilt&lt;/li&gt;\r\n&lt;/ul&gt;\r\n&lt;p&gt;\r\n\t&lt;b&gt;Connectors and cables&lt;/b&gt;&lt;br&gt;\r\n\tCable&lt;/p&gt;\r\n&lt;ul&gt;\r\n\t&lt;li&gt;\r\n\t\tDVI (Digital Visual Interface)&lt;/li&gt;\r\n\t&lt;li&gt;\r\n\t\tFireWire 400&lt;/li&gt;\r\n\t&lt;li&gt;\r\n\t\tUSB 2.0&lt;/li&gt;\r\n\t&lt;li&gt;\r\n\t\tDC power (24 V)&lt;/li&gt;\r\n&lt;/ul&gt;\r\n&lt;p&gt;\r\n\tConnectors&lt;/p&gt;\r\n&lt;ul&gt;\r\n\t&lt;li&gt;\r\n\t\tTwo-port, self-powered USB 2.0 hub&lt;/li&gt;\r\n\t&lt;li&gt;\r\n\t\tTwo FireWire 400 ports&lt;/li&gt;\r\n\t&lt;li&gt;\r\n\t\tKensington security port&lt;/li&gt;\r\n&lt;/ul&gt;\r\n&lt;p&gt;\r\n\t&lt;b&gt;VESA mount adapter&lt;/b&gt;&lt;br&gt;\r\n\tRequires optional Cinema Display VESA Mount Adapter (M9649G/A)&lt;/p&gt;\r\n&lt;ul&gt;\r\n\t&lt;li&gt;\r\n\t\tCompatible with VESA FDMI (MIS-D, 100, C) compliant mounting solutions&lt;/li&gt;\r\n&lt;/ul&gt;\r\n&lt;p&gt;\r\n\t&lt;b&gt;Electrical requirements&lt;/b&gt;&lt;/p&gt;\r\n&lt;ul&gt;\r\n\t&lt;li&gt;\r\n\t\tInput voltage: 100-240 VAC 50-60Hz&lt;/li&gt;\r\n\t&lt;li&gt;\r\n\t\tMaximum power when operating: 150W&lt;/li&gt;\r\n\t&lt;li&gt;\r\n\t\tEnergy saver mode: 3W or less&lt;/li&gt;\r\n&lt;/ul&gt;\r\n&lt;p&gt;\r\n\t&lt;b&gt;Environmental requirements&lt;/b&gt;&lt;/p&gt;\r\n&lt;ul&gt;\r\n\t&lt;li&gt;\r\n\t\tOperating temperature: 50° to 95° F (10° to 35° C)&lt;/li&gt;\r\n\t&lt;li&gt;\r\n\t\tStorage temperature: -40° to 116° F (-40° to 47° C)&lt;/li&gt;\r\n\t&lt;li&gt;\r\n\t\tOperating humidity: 20% to 80% noncondensing&lt;/li&gt;\r\n\t&lt;li&gt;\r\n\t\tMaximum operating altitude: 10,000 feet&lt;/li&gt;\r\n&lt;/ul&gt;\r\n&lt;p&gt;\r\n\t&lt;b&gt;Agency approvals&lt;/b&gt;&lt;/p&gt;\r\n&lt;ul&gt;\r\n\t&lt;li&gt;\r\n\t\tFCC Part 15 Class B&lt;/li&gt;\r\n\t&lt;li&gt;\r\n\t\tEN55022 Class B&lt;/li&gt;\r\n\t&lt;li&gt;\r\n\t\tEN55024&lt;/li&gt;\r\n\t&lt;li&gt;\r\n\t\tVCCI Class B&lt;/li&gt;\r\n\t&lt;li&gt;\r\n\t\tAS/NZS 3548 Class B&lt;/li&gt;\r\n\t&lt;li&gt;\r\n\t\tCNS 13438 Class B&lt;/li&gt;\r\n\t&lt;li&gt;\r\n\t\tICES-003 Class B&lt;/li&gt;\r\n\t&lt;li&gt;\r\n\t\tISO 13406 part 2&lt;/li&gt;\r\n\t&lt;li&gt;\r\n\t\tMPR II&lt;/li&gt;\r\n\t&lt;li&gt;\r\n\t\tIEC 60950&lt;/li&gt;\r\n\t&lt;li&gt;\r\n\t\tUL 60950&lt;/li&gt;\r\n\t&lt;li&gt;\r\n\t\tCSA 60950&lt;/li&gt;\r\n\t&lt;li&gt;\r\n\t\tEN60950&lt;/li&gt;\r\n\t&lt;li&gt;\r\n\t\tENERGY STAR&lt;/li&gt;\r\n\t&lt;li&gt;\r\n\t\tTCO \'03&lt;/li&gt;\r\n&lt;/ul&gt;\r\n&lt;p&gt;\r\n\t&lt;b&gt;Size and weight&lt;/b&gt;&lt;br&gt;\r\n\t30-inch Apple Cinema HD Display&lt;/p&gt;\r\n&lt;ul&gt;\r\n\t&lt;li&gt;\r\n\t\tHeight: 21.3 inches (54.3 cm)&lt;/li&gt;\r\n\t&lt;li&gt;\r\n\t\tWidth: 27.2 inches (68.8 cm)&lt;/li&gt;\r\n\t&lt;li&gt;\r\n\t\tDepth: 8.46 inches (21.5 cm)&lt;/li&gt;\r\n\t&lt;li&gt;\r\n\t\tWeight: 27.5 pounds (12.5 kg)&lt;/li&gt;\r\n&lt;/ul&gt;\r\n&lt;p&gt;\r\n\t&lt;b&gt;System Requirements&lt;/b&gt;&lt;/p&gt;\r\n&lt;ul&gt;\r\n\t&lt;li&gt;\r\n\t\tMac Pro, all graphic options&lt;/li&gt;\r\n\t&lt;li&gt;\r\n\t\tMacBook Pro&lt;/li&gt;\r\n\t&lt;li&gt;\r\n\t\tPower Mac G5 (PCI-X) with ATI Radeon 9650 or better or NVIDIA GeForce 6800 GT DDL or better&lt;/li&gt;\r\n\t&lt;li&gt;\r\n\t\tPower Mac G5 (PCI Express), all graphics options&lt;/li&gt;\r\n\t&lt;li&gt;\r\n\t\tPowerBook G4 with dual-link DVI support&lt;/li&gt;\r\n\t&lt;li&gt;\r\n\t\tWindows PC and graphics card that supports DVI ports with dual-link digital bandwidth and VESA DDC standard for plug-and-play setup&lt;/li&gt;\r\n&lt;/ul&gt;\r\n', '', 'colour sport shooes', '', '');
INSERT INTO `oc_product_description` (`product_id`, `language_id`, `name`, `description`, `tag`, `meta_title`, `meta_description`, `meta_keyword`) VALUES ('36', '1', 'long slive tshirt', '&lt;div&gt;\r\n\t&lt;p&gt;\r\n\t\t&lt;strong&gt;Video in your pocket.&lt;/strong&gt;&lt;/p&gt;\r\n\t&lt;p&gt;\r\n\t\tIts the small iPod with one very big idea: video. The worlds most popular music player now lets you enjoy movies, TV shows, and more on a two-inch display thats 65% brighter than before.&lt;/p&gt;\r\n\t&lt;p&gt;\r\n\t\t&lt;strong&gt;Cover Flow.&lt;/strong&gt;&lt;/p&gt;\r\n\t&lt;p&gt;\r\n\t\tBrowse through your music collection by flipping through album art. Select an album to turn it over and see the track list.&lt;strong&gt;&amp;nbsp;&lt;/strong&gt;&lt;/p&gt;\r\n\t&lt;p&gt;\r\n\t\t&lt;strong&gt;Enhanced interface.&lt;/strong&gt;&lt;/p&gt;\r\n\t&lt;p&gt;\r\n\t\tExperience a whole new way to browse and view your music and video.&lt;/p&gt;\r\n\t&lt;p&gt;\r\n\t\t&lt;strong&gt;Sleek and colorful.&lt;/strong&gt;&lt;/p&gt;\r\n\t&lt;p&gt;\r\n\t\tWith an anodized aluminum and polished stainless steel enclosure and a choice of five colors, iPod nano is dressed to impress.&lt;/p&gt;\r\n\t&lt;p&gt;\r\n\t\t&lt;strong&gt;iTunes.&lt;/strong&gt;&lt;/p&gt;\r\n\t&lt;p&gt;\r\n\t\tAvailable as a free download, iTunes makes it easy to browse and buy millions of songs, movies, TV shows, audiobooks, and games and download free podcasts all at the iTunes Store. And you can import your own music, manage your whole media library, and sync your iPod or iPhone with ease.&lt;/p&gt;\r\n&lt;/div&gt;\r\n', '', 'long slive tshirt', '', '');
INSERT INTO `oc_product_description` (`product_id`, `language_id`, `name`, `description`, `tag`, `meta_title`, `meta_description`, `meta_keyword`) VALUES ('30', '2', 'fancy tshirt', '&lt;p&gt;\r\n\tCanon\'s press material for the EOS 5D states that it \'defines (a) new D-SLR category\', while we\'re not typically too concerned with marketing talk this particular statement is clearly pretty accurate. The EOS 5D is unlike any previous digital SLR in that it combines a full-frame (35 mm sized) high resolution sensor (12.8 megapixels) with a relatively compact body (slightly larger than the EOS 20D, although in your hand it feels noticeably \'chunkier\'). The EOS 5D is aimed to slot in between the EOS 20D and the EOS-1D professional digital SLR\'s, an important difference when compared to the latter is that the EOS 5D doesn\'t have any environmental seals. While Canon don\'t specifically refer to the EOS 5D as a \'professional\' digital SLR it will have obvious appeal to professionals who want a high quality digital SLR in a body lighter than the EOS-1D. It will also no doubt appeal to current EOS 20D owners (although lets hope they\'ve not bought too many EF-S lenses...) äë&lt;/p&gt;\r\n', '', 'fancy tshirt', '', '');
INSERT INTO `oc_product_description` (`product_id`, `language_id`, `name`, `description`, `tag`, `meta_title`, `meta_description`, `meta_keyword`) VALUES ('30', '1', 'fancy tshirt', '&lt;p&gt;\r\n\tCanon\'s press material for the EOS 5D states that it \'defines (a) new D-SLR category\', while we\'re not typically too concerned with marketing talk this particular statement is clearly pretty accurate. The EOS 5D is unlike any previous digital SLR in that it combines a full-frame (35 mm sized) high resolution sensor (12.8 megapixels) with a relatively compact body (slightly larger than the EOS 20D, although in your hand it feels noticeably \'chunkier\'). The EOS 5D is aimed to slot in between the EOS 20D and the EOS-1D professional digital SLR\'s, an important difference when compared to the latter is that the EOS 5D doesn\'t have any environmental seals. While Canon don\'t specifically refer to the EOS 5D as a \'professional\' digital SLR it will have obvious appeal to professionals who want a high quality digital SLR in a body lighter than the EOS-1D. It will also no doubt appeal to current EOS 20D owners (although lets hope they\'ve not bought too many EF-S lenses...) äë&lt;/p&gt;\r\n', '', 'fancy tshirt', '', '');
INSERT INTO `oc_product_description` (`product_id`, `language_id`, `name`, `description`, `tag`, `meta_title`, `meta_description`, `meta_keyword`) VALUES ('43', '2', 'track pent', '&lt;div&gt;\r\n\t&lt;p&gt;\r\n\t\t&lt;b&gt;Intel Core 2 Duo processor&lt;/b&gt;&lt;/p&gt;\r\n\t&lt;p&gt;\r\n\t\tPowered by an Intel Core 2 Duo processor at speeds up to 2.16GHz, the new MacBook is the fastest ever.&lt;/p&gt;\r\n\t&lt;p&gt;\r\n\t\t&lt;b&gt;1GB memory, larger hard drives&lt;/b&gt;&lt;/p&gt;\r\n\t&lt;p&gt;\r\n\t\tThe new MacBook now comes with 1GB of memory standard and larger hard drives for the entire line perfect for running more of your favorite applications and storing growing media collections.&lt;/p&gt;\r\n\t&lt;p&gt;\r\n\t\t&lt;b&gt;Sleek, 1.08-inch-thin design&lt;/b&gt;&lt;/p&gt;\r\n\t&lt;p&gt;\r\n\t\tMacBook makes it easy to hit the road thanks to its tough polycarbonate case, built-in wireless technologies, and innovative MagSafe Power Adapter that releases automatically if someone accidentally trips on the cord.&lt;/p&gt;\r\n\t&lt;p&gt;\r\n\t\t&lt;b&gt;Built-in iSight camera&lt;/b&gt;&lt;/p&gt;\r\n\t&lt;p&gt;\r\n\t\tRight out of the box, you can have a video chat with friends or family,2 record a video at your desk, or take fun pictures with Photo Booth&lt;/p&gt;\r\n&lt;/div&gt;\r\n', '', 'track pent', '', '');
INSERT INTO `oc_product_description` (`product_id`, `language_id`, `name`, `description`, `tag`, `meta_title`, `meta_description`, `meta_keyword`) VALUES ('40', '1', 'samsung galaxy', '&lt;p class=&quot;intro&quot;&gt;\r\n\tiPhone is a revolutionary new mobile phone that allows you to make a call by simply tapping a name or number in your address book, a favorites list, or a call log. It also automatically syncs all your contacts from a PC, Mac, or Internet service. And it lets you select and listen to voicemail messages in whatever order you want just like email.&lt;/p&gt;\r\n', '', 'samsung galaxy', '', '');
INSERT INTO `oc_product_description` (`product_id`, `language_id`, `name`, `description`, `tag`, `meta_title`, `meta_description`, `meta_keyword`) VALUES ('48', '2', 'smart black watch', '&lt;div class=&quot;cpt_product_description &quot;&gt;\r\n\t&lt;div&gt;\r\n\t\t&lt;p&gt;\r\n\t\t\t&lt;strong&gt;More room to move.&lt;/strong&gt;&lt;/p&gt;\r\n\t\t&lt;p&gt;\r\n\t\t\tWith 80GB or 160GB of storage and up to 40 hours of battery life, the new iPod classic lets you enjoy up to 40,000 songs or up to 200 hours of video or any combination wherever you go.&lt;/p&gt;\r\n\t\t&lt;p&gt;\r\n\t\t\t&lt;strong&gt;Cover Flow.&lt;/strong&gt;&lt;/p&gt;\r\n\t\t&lt;p&gt;\r\n\t\t\tBrowse through your music collection by flipping through album art. Select an album to turn it over and see the track list.&lt;/p&gt;\r\n\t\t&lt;p&gt;\r\n\t\t\t&lt;strong&gt;Enhanced interface.&lt;/strong&gt;&lt;/p&gt;\r\n\t\t&lt;p&gt;\r\n\t\t\tExperience a whole new way to browse and view your music and video.&lt;/p&gt;\r\n\t\t&lt;p&gt;\r\n\t\t\t&lt;strong&gt;Sleeker design.&lt;/strong&gt;&lt;/p&gt;\r\n\t\t&lt;p&gt;\r\n\t\t\tBeautiful, durable, and sleeker than ever, iPod classic now features an anodized aluminum and polished stainless steel enclosure with rounded edges.&lt;/p&gt;\r\n\t&lt;/div&gt;\r\n&lt;/div&gt;\r\n&lt;!-- cpt_container_end --&gt;', '', 'smart black watch', '', '');
INSERT INTO `oc_product_description` (`product_id`, `language_id`, `name`, `description`, `tag`, `meta_title`, `meta_description`, `meta_keyword`) VALUES ('36', '2', 'long slive tshirt', '&lt;div&gt;\r\n\t&lt;p&gt;\r\n\t\t&lt;strong&gt;Video in your pocket.&lt;/strong&gt;&lt;/p&gt;\r\n\t&lt;p&gt;\r\n\t\tIts the small iPod with one very big idea: video. The worlds most popular music player now lets you enjoy movies, TV shows, and more on a two-inch display thats 65% brighter than before.&lt;/p&gt;\r\n\t&lt;p&gt;\r\n\t\t&lt;strong&gt;Cover Flow.&lt;/strong&gt;&lt;/p&gt;\r\n\t&lt;p&gt;\r\n\t\tBrowse through your music collection by flipping through album art. Select an album to turn it over and see the track list.&lt;strong&gt;&amp;nbsp;&lt;/strong&gt;&lt;/p&gt;\r\n\t&lt;p&gt;\r\n\t\t&lt;strong&gt;Enhanced interface.&lt;/strong&gt;&lt;/p&gt;\r\n\t&lt;p&gt;\r\n\t\tExperience a whole new way to browse and view your music and video.&lt;/p&gt;\r\n\t&lt;p&gt;\r\n\t\t&lt;strong&gt;Sleek and colorful.&lt;/strong&gt;&lt;/p&gt;\r\n\t&lt;p&gt;\r\n\t\tWith an anodized aluminum and polished stainless steel enclosure and a choice of five colors, iPod nano is dressed to impress.&lt;/p&gt;\r\n\t&lt;p&gt;\r\n\t\t&lt;strong&gt;iTunes.&lt;/strong&gt;&lt;/p&gt;\r\n\t&lt;p&gt;\r\n\t\tAvailable as a free download, iTunes makes it easy to browse and buy millions of songs, movies, TV shows, audiobooks, and games and download free podcasts all at the iTunes Store. And you can import your own music, manage your whole media library, and sync your iPod or iPhone with ease.&lt;/p&gt;\r\n&lt;/div&gt;\r\n', '', 'long slive tshirt', '', '');
INSERT INTO `oc_product_description` (`product_id`, `language_id`, `name`, `description`, `tag`, `meta_title`, `meta_description`, `meta_keyword`) VALUES ('43', '1', 'track pent', '&lt;div&gt;\r\n\t&lt;p&gt;\r\n\t\t&lt;b&gt;Intel Core 2 Duo processor&lt;/b&gt;&lt;/p&gt;\r\n\t&lt;p&gt;\r\n\t\tPowered by an Intel Core 2 Duo processor at speeds up to 2.16GHz, the new MacBook is the fastest ever.&lt;/p&gt;\r\n\t&lt;p&gt;\r\n\t\t&lt;b&gt;1GB memory, larger hard drives&lt;/b&gt;&lt;/p&gt;\r\n\t&lt;p&gt;\r\n\t\tThe new MacBook now comes with 1GB of memory standard and larger hard drives for the entire line perfect for running more of your favorite applications and storing growing media collections.&lt;/p&gt;\r\n\t&lt;p&gt;\r\n\t\t&lt;b&gt;Sleek, 1.08-inch-thin design&lt;/b&gt;&lt;/p&gt;\r\n\t&lt;p&gt;\r\n\t\tMacBook makes it easy to hit the road thanks to its tough polycarbonate case, built-in wireless technologies, and innovative MagSafe Power Adapter that releases automatically if someone accidentally trips on the cord.&lt;/p&gt;\r\n\t&lt;p&gt;\r\n\t\t&lt;b&gt;Built-in iSight camera&lt;/b&gt;&lt;/p&gt;\r\n\t&lt;p&gt;\r\n\t\tRight out of the box, you can have a video chat with friends or family,2 record a video at your desk, or take fun pictures with Photo Booth&lt;/p&gt;\r\n&lt;/div&gt;\r\n', '', 'track pent', '', '');
INSERT INTO `oc_product_description` (`product_id`, `language_id`, `name`, `description`, `tag`, `meta_title`, `meta_description`, `meta_keyword`) VALUES ('35', '1', 'womens summer wear', '&lt;p&gt;\r\n\tProduct 8&lt;/p&gt;\r\n', '', 'womens summer wear', '', '');
INSERT INTO `oc_product_description` (`product_id`, `language_id`, `name`, `description`, `tag`, `meta_title`, `meta_description`, `meta_keyword`) VALUES ('31', '2', 'samsung headphones', '&lt;div class=&quot;cpt_product_description &quot;&gt;\r\n\t&lt;div&gt;\r\n\t\tEngineered with pro-level features and performance, the 12.3-effective-megapixel D300 combines brand new technologies with advanced features inherited from Nikon\'s newly announced D3 professional digital SLR camera to offer serious photographers remarkable performance combined with agility.&lt;br&gt;\r\n\t\t&lt;br&gt;\r\n\t\tSimilar to the D3, the D300 features Nikon\'s exclusive EXPEED Image Processing System that is central to driving the speed and processing power needed for many of the camera\'s new features. The D300 features a new 51-point autofocus system with Nikon\'s 3D Focus Tracking feature and two new LiveView shooting modes that allow users to frame a photograph using the camera\'s high-resolution LCD monitor. The D300 shares a similar Scene Recognition System as is found in the D3; it promises to greatly enhance the accuracy of autofocus, autoexposure, and auto white balance by recognizing the subject or scene being photographed and applying this information to the calculations for the three functions.&lt;br&gt;\r\n\t\t&lt;br&gt;\r\n\t\tThe D300 reacts with lightning speed, powering up in a mere 0.13 seconds and shooting with an imperceptible 45-millisecond shutter release lag time. The D300 is capable of shooting at a rapid six frames per second and can go as fast as eight frames per second when using the optional MB-D10 multi-power battery pack. In continuous bursts, the D300 can shoot up to 100 shots at full 12.3-megapixel resolution. (NORMAL-LARGE image setting, using a SanDisk Extreme IV 1GB CompactFlash card.)&lt;br&gt;\r\n\t\t&lt;br&gt;\r\n\t\tThe D300 incorporates a range of innovative technologies and features that will significantly improve the accuracy, control, and performance photographers can get from their equipment. Its new Scene Recognition System advances the use of Nikon\'s acclaimed 1,005-segment sensor to recognize colors and light patterns that help the camera determine the subject and the type of scene being photographed before a picture is taken. This information is used to improve the accuracy of autofocus, autoexposure, and auto white balance functions in the D300. For example, the camera can track moving subjects better and by identifying them, it can also automatically select focus points faster and with greater accuracy. It can also analyze highlights and more accurately determine exposure, as well as infer light sources to deliver more accurate white balance detection.&lt;/div&gt;\r\n&lt;/div&gt;\r\n&lt;!-- cpt_container_end --&gt;', '', 'samsung headphones', '', '');
INSERT INTO `oc_product_description` (`product_id`, `language_id`, `name`, `description`, `tag`, `meta_title`, `meta_description`, `meta_keyword`) VALUES ('33', '2', 'cotton pent', '&lt;div&gt;\r\n\tImagine the advantages of going big without slowing down. The big 19&quot; 941BW monitor combines wide aspect ratio with fast pixel response time, for bigger images, more room to work and crisp motion. In addition, the exclusive MagicBright 2, MagicColor and MagicTune technologies help deliver the ideal image in every situation, while sleek, narrow bezels and adjustable stands deliver style just the way you want it. With the Samsung 941BW widescreen analog/digital LCD monitor, it\'s not hard to imagine.&lt;/div&gt;\r\n', '', 'cotton pent', '', '');
INSERT INTO `oc_product_description` (`product_id`, `language_id`, `name`, `description`, `tag`, `meta_title`, `meta_description`, `meta_keyword`) VALUES ('49', '2', 'sport shooes', '&lt;p&gt;\r\n\tSamsung Galaxy Tab 10.1, is the world’s thinnest tablet, measuring 8.6 mm thickness, running with Android 3.0 Honeycomb OS on a 1GHz dual-core Tegra 2 processor, similar to its younger brother Samsung Galaxy Tab 8.9.&lt;/p&gt;\r\n&lt;p&gt;\r\n\tSamsung Galaxy Tab 10.1 gives pure Android 3.0 experience, adding its new TouchWiz UX or TouchWiz 4.0 – includes a live panel, which lets you to customize with different content, such as your pictures, bookmarks, and social feeds, sporting a 10.1 inches WXGA capacitive touch screen with 1280 x 800 pixels of resolution, equipped with 3 megapixel rear camera with LED flash and a 2 megapixel front camera, HSPA+ connectivity up to 21Mbps, 720p HD video recording capability, 1080p HD playback, DLNA support, Bluetooth 2.1, USB 2.0, gyroscope, Wi-Fi 802.11 a/b/g/n, micro-SD slot, 3.5mm headphone jack, and SIM slot, including the Samsung Stick – a Bluetooth microphone that can be carried in a pocket like a pen and sound dock with powered subwoofer.&lt;/p&gt;\r\n&lt;p&gt;\r\n\tSamsung Galaxy Tab 10.1 will come in 16GB / 32GB / 64GB verities and pre-loaded with Social Hub, Reader’s Hub, Music Hub and Samsung Mini Apps Tray – which gives you access to more commonly used apps to help ease multitasking and it is capable of Adobe Flash Player 10.2, powered by 6860mAh battery that gives you 10hours of video-playback time.&amp;nbsp;äö&lt;/p&gt;\r\n', '', 'sport shooes', '', '');
INSERT INTO `oc_product_description` (`product_id`, `language_id`, `name`, `description`, `tag`, `meta_title`, `meta_description`, `meta_keyword`) VALUES ('46', '2', 'short slive tshirt', '&lt;div&gt;\r\n\tUnprecedented power. The next generation of processing technology has arrived. Built into the newest VAIO notebooks lies Intel\'s latest, most powerful innovation yet: Intel® Centrino® 2 processor technology. Boasting incredible speed, expanded wireless connectivity, enhanced multimedia support and greater energy efficiency, all the high-performance essentials are seamlessly combined into a single chip.&lt;/div&gt;\r\n', '', 'short slive tshirt', '', '');
INSERT INTO `oc_product_description` (`product_id`, `language_id`, `name`, `description`, `tag`, `meta_title`, `meta_description`, `meta_keyword`) VALUES ('28', '2', 'study bag', '&lt;p&gt;\r\n\tHTC Touch - in High Definition. Watch music videos and streaming content in awe-inspiring high definition clarity for a mobile experience you never thought possible. Seductively sleek, the HTC Touch HD provides the next generation of mobile functionality, all at a simple touch. Fully integrated with Windows Mobile Professional 6.1, ultrafast 3.5G, GPS, 5MP camera, plus lots more - all delivered on a breathtakingly crisp 3.8&quot; WVGA touchscreen - you can take control of your mobile world with the HTC Touch HD.&lt;/p&gt;\r\n&lt;p&gt;\r\n\t&lt;strong&gt;Features&lt;/strong&gt;&lt;/p&gt;\r\n&lt;ul&gt;\r\n\t&lt;li&gt;\r\n\t\tProcessor Qualcomm® MSM 7201A™ 528 MHz&lt;/li&gt;\r\n\t&lt;li&gt;\r\n\t\tWindows Mobile® 6.1 Professional Operating System&lt;/li&gt;\r\n\t&lt;li&gt;\r\n\t\tMemory: 512 MB ROM, 288 MB RAM&lt;/li&gt;\r\n\t&lt;li&gt;\r\n\t\tDimensions: 115 mm x 62.8 mm x 12 mm / 146.4 grams&lt;/li&gt;\r\n\t&lt;li&gt;\r\n\t\t3.8-inch TFT-LCD flat touch-sensitive screen with 480 x 800 WVGA resolution&lt;/li&gt;\r\n\t&lt;li&gt;\r\n\t\tHSDPA/WCDMA: Europe/Asia: 900/2100 MHz; Up to 2 Mbps up-link and 7.2 Mbps down-link speeds&lt;/li&gt;\r\n\t&lt;li&gt;\r\n\t\tQuad-band GSM/GPRS/EDGE: Europe/Asia: 850/900/1800/1900 MHz (Band frequency, HSUPA availability, and data speed are operator dependent.)&lt;/li&gt;\r\n\t&lt;li&gt;\r\n\t\tDevice Control via HTC TouchFLO™ 3D &amp;amp; Touch-sensitive front panel buttons&lt;/li&gt;\r\n\t&lt;li&gt;\r\n\t\tGPS and A-GPS ready&lt;/li&gt;\r\n\t&lt;li&gt;\r\n\t\tBluetooth® 2.0 with Enhanced Data Rate and A2DP for wireless stereo headsets&lt;/li&gt;\r\n\t&lt;li&gt;\r\n\t\tWi-Fi®: IEEE 802.11 b/g&lt;/li&gt;\r\n\t&lt;li&gt;\r\n\t\tHTC ExtUSB™ (11-pin mini-USB 2.0)&lt;/li&gt;\r\n\t&lt;li&gt;\r\n\t\t5 megapixel color camera with auto focus&lt;/li&gt;\r\n\t&lt;li&gt;\r\n\t\tVGA CMOS color camera&lt;/li&gt;\r\n\t&lt;li&gt;\r\n\t\tBuilt-in 3.5 mm audio jack, microphone, speaker, and FM radio&lt;/li&gt;\r\n\t&lt;li&gt;\r\n\t\tRing tone formats: AAC, AAC+, eAAC+, AMR-NB, AMR-WB, QCP, MP3, WMA, WAV&lt;/li&gt;\r\n\t&lt;li&gt;\r\n\t\t40 polyphonic and standard MIDI format 0 and 1 (SMF)/SP MIDI&lt;/li&gt;\r\n\t&lt;li&gt;\r\n\t\tRechargeable Lithium-ion or Lithium-ion polymer 1350 mAh battery&lt;/li&gt;\r\n\t&lt;li&gt;\r\n\t\tExpansion Slot: microSD™ memory card (SD 2.0 compatible)&lt;/li&gt;\r\n\t&lt;li&gt;\r\n\t\tAC Adapter Voltage range/frequency: 100 ~ 240V AC, 50/60 Hz DC output: 5V and 1A&lt;/li&gt;\r\n\t&lt;li&gt;\r\n\t\tSpecial Features: FM Radio, G-Sensor&lt;/li&gt;\r\n&lt;/ul&gt;\r\n', '', 'study bag', '', '');
INSERT INTO `oc_product_description` (`product_id`, `language_id`, `name`, `description`, `tag`, `meta_title`, `meta_description`, `meta_keyword`) VALUES ('47', '2', 'official watch', '&lt;p&gt;\r\n\tStop your co-workers in their tracks with the stunning new 30-inch diagonal HP LP3065 Flat Panel Monitor. This flagship monitor features best-in-class performance and presentation features on a huge wide-aspect screen while letting you work as comfortably as possible - you might even forget you\'re at the office&lt;/p&gt;\r\n', '', 'official watch', '', '');
INSERT INTO `oc_product_description` (`product_id`, `language_id`, `name`, `description`, `tag`, `meta_title`, `meta_description`, `meta_keyword`) VALUES ('47', '1', 'official watch', '&lt;p&gt;\r\n\tStop your co-workers in their tracks with the stunning new 30-inch diagonal HP LP3065 Flat Panel Monitor. This flagship monitor features best-in-class performance and presentation features on a huge wide-aspect screen while letting you work as comfortably as possible - you might even forget you&amp;#39;re at the office&lt;/p&gt;\r\n', '', 'official watch', '', '');
INSERT INTO `oc_product_description` (`product_id`, `language_id`, `name`, `description`, `tag`, `meta_title`, `meta_description`, `meta_keyword`) VALUES ('44', '1', 'Gogals', '&lt;div&gt;\r\n\tMacBook Air is ultrathin, ultraportable, and ultra unlike anything else. But you don&amp;rsquo;t lose inches and pounds overnight. It&amp;rsquo;s the result of rethinking conventions. Of multiple wireless innovations. And of breakthrough design. With MacBook Air, mobile computing suddenly has a new standard.&lt;/div&gt;\r\n', '', 'Gogals', '', '');
INSERT INTO `oc_product_description` (`product_id`, `language_id`, `name`, `description`, `tag`, `meta_title`, `meta_description`, `meta_keyword`) VALUES ('45', '2', 'sony speaker', '&lt;div class=&quot;cpt_product_description &quot;&gt;\r\n\t&lt;div&gt;\r\n\t\t&lt;p&gt;\r\n\t\t\t&lt;b&gt;Latest Intel mobile architecture&lt;/b&gt;&lt;/p&gt;\r\n\t\t&lt;p&gt;\r\n\t\t\tPowered by the most advanced mobile processors from Intel, the new Core 2 Duo MacBook Pro is over 50% faster than the original Core Duo MacBook Pro and now supports up to 4GB of RAM.&lt;/p&gt;\r\n\t\t&lt;p&gt;\r\n\t\t\t&lt;b&gt;Leading-edge graphics&lt;/b&gt;&lt;/p&gt;\r\n\t\t&lt;p&gt;\r\n\t\t\tThe NVIDIA GeForce 8600M GT delivers exceptional graphics processing power. For the ultimate creative canvas, you can even configure the 17-inch model with a 1920-by-1200 resolution display.&lt;/p&gt;\r\n\t\t&lt;p&gt;\r\n\t\t\t&lt;b&gt;Designed for life on the road&lt;/b&gt;&lt;/p&gt;\r\n\t\t&lt;p&gt;\r\n\t\t\tInnovations such as a magnetic power connection and an illuminated keyboard with ambient light sensor put the MacBook Pro in a class by itself.&lt;/p&gt;\r\n\t\t&lt;p&gt;\r\n\t\t\t&lt;b&gt;Connect. Create. Communicate.&lt;/b&gt;&lt;/p&gt;\r\n\t\t&lt;p&gt;\r\n\t\t\tQuickly set up a video conference with the built-in iSight camera. Control presentations and media from up to 30 feet away with the included Apple Remote. Connect to high-bandwidth peripherals with FireWire 800 and DVI.&lt;/p&gt;\r\n\t\t&lt;p&gt;\r\n\t\t\t&lt;b&gt;Next-generation wireless&lt;/b&gt;&lt;/p&gt;\r\n\t\t&lt;p&gt;\r\n\t\t\tFeaturing 802.11n wireless technology, the MacBook Pro delivers up to five times the performance and up to twice the range of previous-generation technologies.&lt;/p&gt;\r\n\t&lt;/div&gt;\r\n&lt;/div&gt;\r\n&lt;!-- cpt_container_end --&gt;', '', 'sony speaker', '', '');
INSERT INTO `oc_product_description` (`product_id`, `language_id`, `name`, `description`, `tag`, `meta_title`, `meta_description`, `meta_keyword`) VALUES ('44', '2', 'Gogals', '&lt;div&gt;\r\n\tMacBook Air is ultrathin, ultraportable, and ultra unlike anything else. But you don’t lose inches and pounds overnight. It’s the result of rethinking conventions. Of multiple wireless innovations. And of breakthrough design. With MacBook Air, mobile computing suddenly has a new standard.&lt;/div&gt;\r\n', '', 'Gogals', '', '');
INSERT INTO `oc_product_description` (`product_id`, `language_id`, `name`, `description`, `tag`, `meta_title`, `meta_description`, `meta_keyword`) VALUES ('40', '2', 'samsung galaxy', '&lt;p class=&quot;intro&quot;&gt;\r\n\tiPhone is a revolutionary new mobile phone that allows you to make a call by simply tapping a name or number in your address book, a favorites list, or a call log. It also automatically syncs all your contacts from a PC, Mac, or Internet service. And it lets you select and listen to voicemail messages in whatever order you want just like email.&lt;/p&gt;\r\n', '', 'samsung galaxy', '', '');
INSERT INTO `oc_product_description` (`product_id`, `language_id`, `name`, `description`, `tag`, `meta_title`, `meta_description`, `meta_keyword`) VALUES ('29', '2', 'office purse', '&lt;p&gt;\r\n\tRedefine your workday with the Palm Treo Pro smartphone. Perfectly balanced, you can respond to business and personal email, stay on top of appointments and contacts, and use Wi-Fi or GPS when you’re out and about. Then watch a video on YouTube, catch up with news and sports on the web, or listen to a few songs. Balance your work and play the way you like it, with the Palm Treo Pro.&lt;/p&gt;\r\n&lt;p&gt;\r\n\t&lt;strong&gt;Features&lt;/strong&gt;&lt;/p&gt;\r\n&lt;ul&gt;\r\n\t&lt;li&gt;\r\n\t\tWindows Mobile® 6.1 Professional Edition&lt;/li&gt;\r\n\t&lt;li&gt;\r\n\t\tQualcomm® MSM7201 400MHz Processor&lt;/li&gt;\r\n\t&lt;li&gt;\r\n\t\t320x320 transflective colour TFT touchscreen&lt;/li&gt;\r\n\t&lt;li&gt;\r\n\t\tHSDPA/UMTS/EDGE/GPRS/GSM radio&lt;/li&gt;\r\n\t&lt;li&gt;\r\n\t\tTri-band UMTS — 850MHz, 1900MHz, 2100MHz&lt;/li&gt;\r\n\t&lt;li&gt;\r\n\t\tQuad-band GSM — 850/900/1800/1900&lt;/li&gt;\r\n\t&lt;li&gt;\r\n\t\t802.11b/g with WPA, WPA2, and 801.1x authentication&lt;/li&gt;\r\n\t&lt;li&gt;\r\n\t\tBuilt-in GPS&lt;/li&gt;\r\n\t&lt;li&gt;\r\n\t\tBluetooth Version: 2.0 + Enhanced Data Rate&lt;/li&gt;\r\n\t&lt;li&gt;\r\n\t\t256MB storage (100MB user available), 128MB RAM&lt;/li&gt;\r\n\t&lt;li&gt;\r\n\t\t2.0 megapixel camera, up to 8x digital zoom and video capture&lt;/li&gt;\r\n\t&lt;li&gt;\r\n\t\tRemovable, rechargeable 1500mAh lithium-ion battery&lt;/li&gt;\r\n\t&lt;li&gt;\r\n\t\tUp to 5.0 hours talk time and up to 250 hours standby&lt;/li&gt;\r\n\t&lt;li&gt;\r\n\t\tMicroSDHC card expansion (up to 32GB supported)&lt;/li&gt;\r\n\t&lt;li&gt;\r\n\t\tMicroUSB 2.0 for synchronization and charging&lt;/li&gt;\r\n\t&lt;li&gt;\r\n\t\t3.5mm stereo headset jack&lt;/li&gt;\r\n\t&lt;li&gt;\r\n\t\t60mm (W) x 114mm (L) x 13.5mm (D) / 133g&lt;/li&gt;\r\n&lt;/ul&gt;\r\n', '', 'office purse', '', '');
INSERT INTO `oc_product_description` (`product_id`, `language_id`, `name`, `description`, `tag`, `meta_title`, `meta_description`, `meta_keyword`) VALUES ('49', '1', 'sport shooes', '&lt;p&gt;\r\n\tSamsung Galaxy Tab 10.1, is the world&amp;rsquo;s thinnest tablet, measuring 8.6 mm thickness, running with Android 3.0 Honeycomb OS on a 1GHz dual-core Tegra 2 processor, similar to its younger brother Samsung Galaxy Tab 8.9.&lt;/p&gt;\r\n&lt;p&gt;\r\n\tSamsung Galaxy Tab 10.1 gives pure Android 3.0 experience, adding its new TouchWiz UX or TouchWiz 4.0 &amp;ndash; includes a live panel, which lets you to customize with different content, such as your pictures, bookmarks, and social feeds, sporting a 10.1 inches WXGA capacitive touch screen with 1280 x 800 pixels of resolution, equipped with 3 megapixel rear camera with LED flash and a 2 megapixel front camera, HSPA+ connectivity up to 21Mbps, 720p HD video recording capability, 1080p HD playback, DLNA support, Bluetooth 2.1, USB 2.0, gyroscope, Wi-Fi 802.11 a/b/g/n, micro-SD slot, 3.5mm headphone jack, and SIM slot, including the Samsung Stick &amp;ndash; a Bluetooth microphone that can be carried in a pocket like a pen and sound dock with powered subwoofer.&lt;/p&gt;\r\n&lt;p&gt;\r\n\tSamsung Galaxy Tab 10.1 will come in 16GB / 32GB / 64GB verities and pre-loaded with Social Hub, Reader&amp;rsquo;s Hub, Music Hub and Samsung Mini Apps Tray &amp;ndash; which gives you access to more commonly used apps to help ease multitasking and it is capable of Adobe Flash Player 10.2, powered by 6860mAh battery that gives you 10hours of video-playback time.&amp;nbsp;&amp;auml;&amp;ouml;&lt;/p&gt;\r\n', '', 'sport shooes', '', '');
INSERT INTO `oc_product_description` (`product_id`, `language_id`, `name`, `description`, `tag`, `meta_title`, `meta_description`, `meta_keyword`) VALUES ('31', '1', 'samsung headphones', '&lt;div class=&quot;cpt_product_description &quot;&gt;\r\n\t&lt;div&gt;\r\n\t\tEngineered with pro-level features and performance, the 12.3-effective-megapixel D300 combines brand new technologies with advanced features inherited from Nikon&amp;#39;s newly announced D3 professional digital SLR camera to offer serious photographers remarkable performance combined with agility.&lt;br /&gt;\r\n\t\t&lt;br /&gt;\r\n\t\tSimilar to the D3, the D300 features Nikon&amp;#39;s exclusive EXPEED Image Processing System that is central to driving the speed and processing power needed for many of the camera&amp;#39;s new features. The D300 features a new 51-point autofocus system with Nikon&amp;#39;s 3D Focus Tracking feature and two new LiveView shooting modes that allow users to frame a photograph using the camera&amp;#39;s high-resolution LCD monitor. The D300 shares a similar Scene Recognition System as is found in the D3; it promises to greatly enhance the accuracy of autofocus, autoexposure, and auto white balance by recognizing the subject or scene being photographed and applying this information to the calculations for the three functions.&lt;br /&gt;\r\n\t\t&lt;br /&gt;\r\n\t\tThe D300 reacts with lightning speed, powering up in a mere 0.13 seconds and shooting with an imperceptible 45-millisecond shutter release lag time. The D300 is capable of shooting at a rapid six frames per second and can go as fast as eight frames per second when using the optional MB-D10 multi-power battery pack. In continuous bursts, the D300 can shoot up to 100 shots at full 12.3-megapixel resolution. (NORMAL-LARGE image setting, using a SanDisk Extreme IV 1GB CompactFlash card.)&lt;br /&gt;\r\n\t\t&lt;br /&gt;\r\n\t\tThe D300 incorporates a range of innovative technologies and features that will significantly improve the accuracy, control, and performance photographers can get from their equipment. Its new Scene Recognition System advances the use of Nikon&amp;#39;s acclaimed 1,005-segment sensor to recognize colors and light patterns that help the camera determine the subject and the type of scene being photographed before a picture is taken. This information is used to improve the accuracy of autofocus, autoexposure, and auto white balance functions in the D300. For example, the camera can track moving subjects better and by identifying them, it can also automatically select focus points faster and with greater accuracy. It can also analyze highlights and more accurately determine exposure, as well as infer light sources to deliver more accurate white balance detection.&lt;/div&gt;\r\n&lt;/div&gt;\r\n&lt;!-- cpt_container_end --&gt;', '', 'samsung headphones', '', '');
INSERT INTO `oc_product_description` (`product_id`, `language_id`, `name`, `description`, `tag`, `meta_title`, `meta_description`, `meta_keyword`) VALUES ('29', '1', 'office purse', '&lt;p&gt;\r\n\tRedefine your workday with the Palm Treo Pro smartphone. Perfectly balanced, you can respond to business and personal email, stay on top of appointments and contacts, and use Wi-Fi or GPS when you&amp;rsquo;re out and about. Then watch a video on YouTube, catch up with news and sports on the web, or listen to a few songs. Balance your work and play the way you like it, with the Palm Treo Pro.&lt;/p&gt;\r\n&lt;p&gt;\r\n\t&lt;strong&gt;Features&lt;/strong&gt;&lt;/p&gt;\r\n&lt;ul&gt;\r\n\t&lt;li&gt;\r\n\t\tWindows Mobile&amp;reg; 6.1 Professional Edition&lt;/li&gt;\r\n\t&lt;li&gt;\r\n\t\tQualcomm&amp;reg; MSM7201 400MHz Processor&lt;/li&gt;\r\n\t&lt;li&gt;\r\n\t\t320x320 transflective colour TFT touchscreen&lt;/li&gt;\r\n\t&lt;li&gt;\r\n\t\tHSDPA/UMTS/EDGE/GPRS/GSM radio&lt;/li&gt;\r\n\t&lt;li&gt;\r\n\t\tTri-band UMTS &amp;mdash; 850MHz, 1900MHz, 2100MHz&lt;/li&gt;\r\n\t&lt;li&gt;\r\n\t\tQuad-band GSM &amp;mdash; 850/900/1800/1900&lt;/li&gt;\r\n\t&lt;li&gt;\r\n\t\t802.11b/g with WPA, WPA2, and 801.1x authentication&lt;/li&gt;\r\n\t&lt;li&gt;\r\n\t\tBuilt-in GPS&lt;/li&gt;\r\n\t&lt;li&gt;\r\n\t\tBluetooth Version: 2.0 + Enhanced Data Rate&lt;/li&gt;\r\n\t&lt;li&gt;\r\n\t\t256MB storage (100MB user available), 128MB RAM&lt;/li&gt;\r\n\t&lt;li&gt;\r\n\t\t2.0 megapixel camera, up to 8x digital zoom and video capture&lt;/li&gt;\r\n\t&lt;li&gt;\r\n\t\tRemovable, rechargeable 1500mAh lithium-ion battery&lt;/li&gt;\r\n\t&lt;li&gt;\r\n\t\tUp to 5.0 hours talk time and up to 250 hours standby&lt;/li&gt;\r\n\t&lt;li&gt;\r\n\t\tMicroSDHC card expansion (up to 32GB supported)&lt;/li&gt;\r\n\t&lt;li&gt;\r\n\t\tMicroUSB 2.0 for synchronization and charging&lt;/li&gt;\r\n\t&lt;li&gt;\r\n\t\t3.5mm stereo headset jack&lt;/li&gt;\r\n\t&lt;li&gt;\r\n\t\t60mm (W) x 114mm (L) x 13.5mm (D) / 133g&lt;/li&gt;\r\n&lt;/ul&gt;\r\n', '', 'office purse', '', '');
INSERT INTO `oc_product_description` (`product_id`, `language_id`, `name`, `description`, `tag`, `meta_title`, `meta_description`, `meta_keyword`) VALUES ('46', '1', 'short slive tshirt', '&lt;div&gt;\r\n\tUnprecedented power. The next generation of processing technology has arrived. Built into the newest VAIO notebooks lies Intel&amp;#39;s latest, most powerful innovation yet: Intel&amp;reg; Centrino&amp;reg; 2 processor technology. Boasting incredible speed, expanded wireless connectivity, enhanced multimedia support and greater energy efficiency, all the high-performance essentials are seamlessly combined into a single chip.&lt;/div&gt;\r\n', '', 'short slive tshirt', '', '');
INSERT INTO `oc_product_description` (`product_id`, `language_id`, `name`, `description`, `tag`, `meta_title`, `meta_description`, `meta_keyword`) VALUES ('48', '1', 'smart black watch', '&lt;div class=&quot;cpt_product_description &quot;&gt;\r\n\t&lt;div&gt;\r\n\t\t&lt;p&gt;\r\n\t\t\t&lt;strong&gt;More room to move.&lt;/strong&gt;&lt;/p&gt;\r\n\t\t&lt;p&gt;\r\n\t\t\tWith 80GB or 160GB of storage and up to 40 hours of battery life, the new iPod classic lets you enjoy up to 40,000 songs or up to 200 hours of video or any combination wherever you go.&lt;/p&gt;\r\n\t\t&lt;p&gt;\r\n\t\t\t&lt;strong&gt;Cover Flow.&lt;/strong&gt;&lt;/p&gt;\r\n\t\t&lt;p&gt;\r\n\t\t\tBrowse through your music collection by flipping through album art. Select an album to turn it over and see the track list.&lt;/p&gt;\r\n\t\t&lt;p&gt;\r\n\t\t\t&lt;strong&gt;Enhanced interface.&lt;/strong&gt;&lt;/p&gt;\r\n\t\t&lt;p&gt;\r\n\t\t\tExperience a whole new way to browse and view your music and video.&lt;/p&gt;\r\n\t\t&lt;p&gt;\r\n\t\t\t&lt;strong&gt;Sleeker design.&lt;/strong&gt;&lt;/p&gt;\r\n\t\t&lt;p&gt;\r\n\t\t\tBeautiful, durable, and sleeker than ever, iPod classic now features an anodized aluminum and polished stainless steel enclosure with rounded edges.&lt;/p&gt;\r\n\t&lt;/div&gt;\r\n&lt;/div&gt;\r\n&lt;!-- cpt_container_end --&gt;', '', 'smart black watch', '', '');
INSERT INTO `oc_product_description` (`product_id`, `language_id`, `name`, `description`, `tag`, `meta_title`, `meta_description`, `meta_keyword`) VALUES ('28', '1', 'study bag', '&lt;p&gt;\r\n\tHTC Touch - in High Definition. Watch music videos and streaming content in awe-inspiring high definition clarity for a mobile experience you never thought possible. Seductively sleek, the HTC Touch HD provides the next generation of mobile functionality, all at a simple touch. Fully integrated with Windows Mobile Professional 6.1, ultrafast 3.5G, GPS, 5MP camera, plus lots more - all delivered on a breathtakingly crisp 3.8&amp;quot; WVGA touchscreen - you can take control of your mobile world with the HTC Touch HD.&lt;/p&gt;\r\n&lt;p&gt;\r\n\t&lt;strong&gt;Features&lt;/strong&gt;&lt;/p&gt;\r\n&lt;ul&gt;\r\n\t&lt;li&gt;\r\n\t\tProcessor Qualcomm&amp;reg; MSM 7201A&amp;trade; 528 MHz&lt;/li&gt;\r\n\t&lt;li&gt;\r\n\t\tWindows Mobile&amp;reg; 6.1 Professional Operating System&lt;/li&gt;\r\n\t&lt;li&gt;\r\n\t\tMemory: 512 MB ROM, 288 MB RAM&lt;/li&gt;\r\n\t&lt;li&gt;\r\n\t\tDimensions: 115 mm x 62.8 mm x 12 mm / 146.4 grams&lt;/li&gt;\r\n\t&lt;li&gt;\r\n\t\t3.8-inch TFT-LCD flat touch-sensitive screen with 480 x 800 WVGA resolution&lt;/li&gt;\r\n\t&lt;li&gt;\r\n\t\tHSDPA/WCDMA: Europe/Asia: 900/2100 MHz; Up to 2 Mbps up-link and 7.2 Mbps down-link speeds&lt;/li&gt;\r\n\t&lt;li&gt;\r\n\t\tQuad-band GSM/GPRS/EDGE: Europe/Asia: 850/900/1800/1900 MHz (Band frequency, HSUPA availability, and data speed are operator dependent.)&lt;/li&gt;\r\n\t&lt;li&gt;\r\n\t\tDevice Control via HTC TouchFLO&amp;trade; 3D &amp;amp; Touch-sensitive front panel buttons&lt;/li&gt;\r\n\t&lt;li&gt;\r\n\t\tGPS and A-GPS ready&lt;/li&gt;\r\n\t&lt;li&gt;\r\n\t\tBluetooth&amp;reg; 2.0 with Enhanced Data Rate and A2DP for wireless stereo headsets&lt;/li&gt;\r\n\t&lt;li&gt;\r\n\t\tWi-Fi&amp;reg;: IEEE 802.11 b/g&lt;/li&gt;\r\n\t&lt;li&gt;\r\n\t\tHTC ExtUSB&amp;trade; (11-pin mini-USB 2.0)&lt;/li&gt;\r\n\t&lt;li&gt;\r\n\t\t5 megapixel color camera with auto focus&lt;/li&gt;\r\n\t&lt;li&gt;\r\n\t\tVGA CMOS color camera&lt;/li&gt;\r\n\t&lt;li&gt;\r\n\t\tBuilt-in 3.5 mm audio jack, microphone, speaker, and FM radio&lt;/li&gt;\r\n\t&lt;li&gt;\r\n\t\tRing tone formats: AAC, AAC+, eAAC+, AMR-NB, AMR-WB, QCP, MP3, WMA, WAV&lt;/li&gt;\r\n\t&lt;li&gt;\r\n\t\t40 polyphonic and standard MIDI format 0 and 1 (SMF)/SP MIDI&lt;/li&gt;\r\n\t&lt;li&gt;\r\n\t\tRechargeable Lithium-ion or Lithium-ion polymer 1350 mAh battery&lt;/li&gt;\r\n\t&lt;li&gt;\r\n\t\tExpansion Slot: microSD&amp;trade; memory card (SD 2.0 compatible)&lt;/li&gt;\r\n\t&lt;li&gt;\r\n\t\tAC Adapter Voltage range/frequency: 100 ~ 240V AC, 50/60 Hz DC output: 5V and 1A&lt;/li&gt;\r\n\t&lt;li&gt;\r\n\t\tSpecial Features: FM Radio, G-Sensor&lt;/li&gt;\r\n&lt;/ul&gt;\r\n', '', 'study bag', '', '');
INSERT INTO `oc_product_description` (`product_id`, `language_id`, `name`, `description`, `tag`, `meta_title`, `meta_description`, `meta_keyword`) VALUES ('33', '1', 'cotton pent', '&lt;div&gt;\r\n\tImagine the advantages of going big without slowing down. The big 19&amp;quot; 941BW monitor combines wide aspect ratio with fast pixel response time, for bigger images, more room to work and crisp motion. In addition, the exclusive MagicBright 2, MagicColor and MagicTune technologies help deliver the ideal image in every situation, while sleek, narrow bezels and adjustable stands deliver style just the way you want it. With the Samsung 941BW widescreen analog/digital LCD monitor, it&amp;#39;s not hard to imagine.&lt;/div&gt;\r\n', '', 'cotton pent', '', '');
INSERT INTO `oc_product_description` (`product_id`, `language_id`, `name`, `description`, `tag`, `meta_title`, `meta_description`, `meta_keyword`) VALUES ('32', '1', 'fancy purse', '&lt;p&gt;\r\n\t&lt;strong&gt;Revolutionary multi-touch interface.&lt;/strong&gt;&lt;br /&gt;\r\n\tiPod touch features the same multi-touch screen technology as iPhone. Pinch to zoom in on a photo. Scroll through your songs and videos with a flick. Flip through your library by album artwork with Cover Flow.&lt;/p&gt;\r\n&lt;p&gt;\r\n\t&lt;strong&gt;Gorgeous 3.5-inch widescreen display.&lt;/strong&gt;&lt;br /&gt;\r\n\tWatch your movies, TV shows, and photos come alive with bright, vivid color on the 320-by-480-pixel display.&lt;/p&gt;\r\n&lt;p&gt;\r\n\t&lt;strong&gt;Music downloads straight from iTunes.&lt;/strong&gt;&lt;br /&gt;\r\n\tShop the iTunes Wi-Fi Music Store from anywhere with Wi-Fi.1 Browse or search to find the music youre looking for, preview it, and buy it with just a tap.&lt;/p&gt;\r\n&lt;p&gt;\r\n\t&lt;strong&gt;Surf the web with Wi-Fi.&lt;/strong&gt;&lt;br /&gt;\r\n\tBrowse the web using Safari and watch YouTube videos on the first iPod with Wi-Fi built in&lt;br /&gt;\r\n\t&amp;nbsp;&lt;/p&gt;\r\n', '', 'fancy purse', '', '');
INSERT INTO `oc_product_description` (`product_id`, `language_id`, `name`, `description`, `tag`, `meta_title`, `meta_description`, `meta_keyword`) VALUES ('35', '2', 'womens summer wear', '&lt;p&gt;\r\n\tProduct 8&lt;/p&gt;\r\n', '', 'womens summer wear', '', '');


TRUNCATE TABLE `oc_product_discount`;

INSERT INTO `oc_product_discount` (`product_discount_id`, `product_id`, `customer_group_id`, `quantity`, `priority`, `price`, `date_start`, `date_end`) VALUES ('446', '42', '1', '30', '1', '66.0000', '0000-00-00', '0000-00-00');
INSERT INTO `oc_product_discount` (`product_discount_id`, `product_id`, `customer_group_id`, `quantity`, `priority`, `price`, `date_start`, `date_end`) VALUES ('445', '42', '1', '20', '1', '77.0000', '0000-00-00', '0000-00-00');
INSERT INTO `oc_product_discount` (`product_discount_id`, `product_id`, `customer_group_id`, `quantity`, `priority`, `price`, `date_start`, `date_end`) VALUES ('444', '42', '1', '10', '1', '88.0000', '0000-00-00', '0000-00-00');


TRUNCATE TABLE `oc_product_filter`;

INSERT INTO `oc_product_filter` (`product_id`, `filter_id`) VALUES ('35', '2');
INSERT INTO `oc_product_filter` (`product_id`, `filter_id`) VALUES ('35', '3');


TRUNCATE TABLE `oc_product_image`;

INSERT INTO `oc_product_image` (`product_image_id`, `product_id`, `image`, `sort_order`) VALUES ('4219', '30', 'catalog/products/2.jpg', '0');
INSERT INTO `oc_product_image` (`product_image_id`, `product_id`, `image`, `sort_order`) VALUES ('4267', '28', 'catalog/products/3.jpg', '0');
INSERT INTO `oc_product_image` (`product_image_id`, `product_id`, `image`, `sort_order`) VALUES ('4249', '41', 'catalog/products/5.jpg', '0');
INSERT INTO `oc_product_image` (`product_image_id`, `product_id`, `image`, `sort_order`) VALUES ('4327', '32', 'catalog/products/7.jpg', '0');
INSERT INTO `oc_product_image` (`product_image_id`, `product_id`, `image`, `sort_order`) VALUES ('4314', '46', 'catalog/products/6.jpg', '0');
INSERT INTO `oc_product_image` (`product_image_id`, `product_id`, `image`, `sort_order`) VALUES ('4236', '48', 'catalog/products/2.jpg', '0');
INSERT INTO `oc_product_image` (`product_image_id`, `product_id`, `image`, `sort_order`) VALUES ('4231', '40', 'catalog/products/9.jpg', '0');
INSERT INTO `oc_product_image` (`product_image_id`, `product_id`, `image`, `sort_order`) VALUES ('4230', '40', 'catalog/products/1.jpg', '0');
INSERT INTO `oc_product_image` (`product_image_id`, `product_id`, `image`, `sort_order`) VALUES ('4266', '28', 'catalog/products/2.jpg', '0');
INSERT INTO `oc_product_image` (`product_image_id`, `product_id`, `image`, `sort_order`) VALUES ('4248', '41', 'catalog/products/1.jpg', '0');
INSERT INTO `oc_product_image` (`product_image_id`, `product_id`, `image`, `sort_order`) VALUES ('4229', '40', 'catalog/products/10.jpg', '0');
INSERT INTO `oc_product_image` (`product_image_id`, `product_id`, `image`, `sort_order`) VALUES ('4235', '48', 'catalog/products/12.jpg', '0');
INSERT INTO `oc_product_image` (`product_image_id`, `product_id`, `image`, `sort_order`) VALUES ('4224', '36', 'catalog/products/6.jpg', '0');
INSERT INTO `oc_product_image` (`product_image_id`, `product_id`, `image`, `sort_order`) VALUES ('4326', '32', 'catalog/products/10.jpg', '0');
INSERT INTO `oc_product_image` (`product_image_id`, `product_id`, `image`, `sort_order`) VALUES ('4325', '32', 'catalog/products/4.jpg', '0');
INSERT INTO `oc_product_image` (`product_image_id`, `product_id`, `image`, `sort_order`) VALUES ('4272', '49', 'catalog/products/7.jpg', '0');
INSERT INTO `oc_product_image` (`product_image_id`, `product_id`, `image`, `sort_order`) VALUES ('4271', '49', 'catalog/products/4.jpg', '0');
INSERT INTO `oc_product_image` (`product_image_id`, `product_id`, `image`, `sort_order`) VALUES ('4218', '30', 'catalog/products/1.jpg', '0');
INSERT INTO `oc_product_image` (`product_image_id`, `product_id`, `image`, `sort_order`) VALUES ('4265', '28', 'catalog/products/11.jpg', '0');
INSERT INTO `oc_product_image` (`product_image_id`, `product_id`, `image`, `sort_order`) VALUES ('4264', '28', 'catalog/products/10.jpg', '0');
INSERT INTO `oc_product_image` (`product_image_id`, `product_id`, `image`, `sort_order`) VALUES ('4263', '28', 'catalog/products/1.jpg', '0');
INSERT INTO `oc_product_image` (`product_image_id`, `product_id`, `image`, `sort_order`) VALUES ('4247', '41', 'catalog/products/10.jpg', '0');
INSERT INTO `oc_product_image` (`product_image_id`, `product_id`, `image`, `sort_order`) VALUES ('4246', '41', 'catalog/products/11.jpg', '0');
INSERT INTO `oc_product_image` (`product_image_id`, `product_id`, `image`, `sort_order`) VALUES ('4245', '41', 'catalog/products/2.jpg', '0');
INSERT INTO `oc_product_image` (`product_image_id`, `product_id`, `image`, `sort_order`) VALUES ('4261', '45', 'catalog/products/12.jpg', '0');
INSERT INTO `oc_product_image` (`product_image_id`, `product_id`, `image`, `sort_order`) VALUES ('4260', '45', 'catalog/products/6.jpg', '0');
INSERT INTO `oc_product_image` (`product_image_id`, `product_id`, `image`, `sort_order`) VALUES ('4339', '33', 'catalog/products/9.jpg', '0');
INSERT INTO `oc_product_image` (`product_image_id`, `product_id`, `image`, `sort_order`) VALUES ('4259', '45', 'catalog/products/2.jpg', '0');
INSERT INTO `oc_product_image` (`product_image_id`, `product_id`, `image`, `sort_order`) VALUES ('4228', '40', 'catalog/products/11.jpg', '0');
INSERT INTO `oc_product_image` (`product_image_id`, `product_id`, `image`, `sort_order`) VALUES ('4324', '32', 'catalog/products/5.jpg', '0');
INSERT INTO `oc_product_image` (`product_image_id`, `product_id`, `image`, `sort_order`) VALUES ('4296', '31', 'catalog/products/11.jpg', '0');
INSERT INTO `oc_product_image` (`product_image_id`, `product_id`, `image`, `sort_order`) VALUES ('4284', '34', 'catalog/products/2.jpg', '0');
INSERT INTO `oc_product_image` (`product_image_id`, `product_id`, `image`, `sort_order`) VALUES ('4227', '40', 'catalog/products/6.jpg', '0');
INSERT INTO `oc_product_image` (`product_image_id`, `product_id`, `image`, `sort_order`) VALUES ('4254', '47', 'catalog/products/10.jpg', '0');
INSERT INTO `oc_product_image` (`product_image_id`, `product_id`, `image`, `sort_order`) VALUES ('4295', '31', 'catalog/products/7.jpg', '0');
INSERT INTO `oc_product_image` (`product_image_id`, `product_id`, `image`, `sort_order`) VALUES ('4278', '29', 'catalog/products/10.jpg', '0');
INSERT INTO `oc_product_image` (`product_image_id`, `product_id`, `image`, `sort_order`) VALUES ('4244', '41', 'catalog/products/3.jpg', '0');
INSERT INTO `oc_product_image` (`product_image_id`, `product_id`, `image`, `sort_order`) VALUES ('4258', '45', 'catalog/products/7.jpg', '0');
INSERT INTO `oc_product_image` (`product_image_id`, `product_id`, `image`, `sort_order`) VALUES ('4257', '45', 'catalog/products/8.jpg', '0');
INSERT INTO `oc_product_image` (`product_image_id`, `product_id`, `image`, `sort_order`) VALUES ('4226', '40', 'catalog/products/4.jpg', '0');
INSERT INTO `oc_product_image` (`product_image_id`, `product_id`, `image`, `sort_order`) VALUES ('4332', '42', 'catalog/products/8.jpg', '0');
INSERT INTO `oc_product_image` (`product_image_id`, `product_id`, `image`, `sort_order`) VALUES ('4262', '28', 'catalog/products/4.jpg', '0');
INSERT INTO `oc_product_image` (`product_image_id`, `product_id`, `image`, `sort_order`) VALUES ('4323', '32', 'catalog/products/12.jpg', '0');
INSERT INTO `oc_product_image` (`product_image_id`, `product_id`, `image`, `sort_order`) VALUES ('4302', '44', 'catalog/products/10.jpg', '0');
INSERT INTO `oc_product_image` (`product_image_id`, `product_id`, `image`, `sort_order`) VALUES ('4308', '35', 'catalog/products/7.jpg', '0');
INSERT INTO `oc_product_image` (`product_image_id`, `product_id`, `image`, `sort_order`) VALUES ('4322', '32', 'catalog/products/1.jpg', '0');
INSERT INTO `oc_product_image` (`product_image_id`, `product_id`, `image`, `sort_order`) VALUES ('4253', '47', 'catalog/products/8.jpg', '0');
INSERT INTO `oc_product_image` (`product_image_id`, `product_id`, `image`, `sort_order`) VALUES ('4283', '34', 'catalog/products/11.jpg', '0');
INSERT INTO `oc_product_image` (`product_image_id`, `product_id`, `image`, `sort_order`) VALUES ('4307', '35', 'catalog/products/10.jpg', '0');
INSERT INTO `oc_product_image` (`product_image_id`, `product_id`, `image`, `sort_order`) VALUES ('4256', '45', 'catalog/products/10.jpg', '0');
INSERT INTO `oc_product_image` (`product_image_id`, `product_id`, `image`, `sort_order`) VALUES ('4277', '29', 'catalog/products/7.jpg', '0');
INSERT INTO `oc_product_image` (`product_image_id`, `product_id`, `image`, `sort_order`) VALUES ('4320', '43', 'catalog/products/10.jpg', '0');
INSERT INTO `oc_product_image` (`product_image_id`, `product_id`, `image`, `sort_order`) VALUES ('4294', '31', 'catalog/products/1.jpg', '0');
INSERT INTO `oc_product_image` (`product_image_id`, `product_id`, `image`, `sort_order`) VALUES ('4337', '33', 'catalog/products/8.jpg', '0');
INSERT INTO `oc_product_image` (`product_image_id`, `product_id`, `image`, `sort_order`) VALUES ('4301', '44', 'catalog/products/5.jpg', '0');
INSERT INTO `oc_product_image` (`product_image_id`, `product_id`, `image`, `sort_order`) VALUES ('4217', '30', 'catalog/products/11.jpg', '0');
INSERT INTO `oc_product_image` (`product_image_id`, `product_id`, `image`, `sort_order`) VALUES ('4306', '35', 'catalog/products/11.jpg', '0');
INSERT INTO `oc_product_image` (`product_image_id`, `product_id`, `image`, `sort_order`) VALUES ('4319', '43', 'catalog/products/3.jpg', '0');
INSERT INTO `oc_product_image` (`product_image_id`, `product_id`, `image`, `sort_order`) VALUES ('4282', '34', 'catalog/products/3.jpg', '0');
INSERT INTO `oc_product_image` (`product_image_id`, `product_id`, `image`, `sort_order`) VALUES ('4234', '48', 'catalog/products/11.jpg', '0');
INSERT INTO `oc_product_image` (`product_image_id`, `product_id`, `image`, `sort_order`) VALUES ('4331', '42', 'catalog/products/2.jpg', '0');
INSERT INTO `oc_product_image` (`product_image_id`, `product_id`, `image`, `sort_order`) VALUES ('4216', '30', 'catalog/products/12.jpg', '0');
INSERT INTO `oc_product_image` (`product_image_id`, `product_id`, `image`, `sort_order`) VALUES ('4338', '33', 'catalog/products/4.jpg', '0');
INSERT INTO `oc_product_image` (`product_image_id`, `product_id`, `image`, `sort_order`) VALUES ('4313', '46', 'catalog/products/5.jpg', '0');
INSERT INTO `oc_product_image` (`product_image_id`, `product_id`, `image`, `sort_order`) VALUES ('4223', '36', 'catalog/products/1.jpg', '0');
INSERT INTO `oc_product_image` (`product_image_id`, `product_id`, `image`, `sort_order`) VALUES ('4252', '47', 'catalog/products/12.jpg', '0');
INSERT INTO `oc_product_image` (`product_image_id`, `product_id`, `image`, `sort_order`) VALUES ('4222', '36', 'catalog/products/2.jpg', '0');
INSERT INTO `oc_product_image` (`product_image_id`, `product_id`, `image`, `sort_order`) VALUES ('4318', '43', 'catalog/products/6.jpg', '0');
INSERT INTO `oc_product_image` (`product_image_id`, `product_id`, `image`, `sort_order`) VALUES ('4330', '42', 'catalog/products/6.jpg', '0');
INSERT INTO `oc_product_image` (`product_image_id`, `product_id`, `image`, `sort_order`) VALUES ('4215', '30', 'catalog/products/3.jpg', '0');
INSERT INTO `oc_product_image` (`product_image_id`, `product_id`, `image`, `sort_order`) VALUES ('4214', '30', 'catalog/products/9.jpg', '0');
INSERT INTO `oc_product_image` (`product_image_id`, `product_id`, `image`, `sort_order`) VALUES ('4276', '29', 'catalog/products/9.jpg', '0');
INSERT INTO `oc_product_image` (`product_image_id`, `product_id`, `image`, `sort_order`) VALUES ('4281', '34', 'catalog/products/10.jpg', '0');
INSERT INTO `oc_product_image` (`product_image_id`, `product_id`, `image`, `sort_order`) VALUES ('4300', '44', 'catalog/products/8.jpg', '0');
INSERT INTO `oc_product_image` (`product_image_id`, `product_id`, `image`, `sort_order`) VALUES ('4251', '47', 'catalog/products/1.jpg', '0');
INSERT INTO `oc_product_image` (`product_image_id`, `product_id`, `image`, `sort_order`) VALUES ('4312', '46', 'catalog/products/10.jpg', '0');
INSERT INTO `oc_product_image` (`product_image_id`, `product_id`, `image`, `sort_order`) VALUES ('4293', '31', 'catalog/products/4.jpg', '0');
INSERT INTO `oc_product_image` (`product_image_id`, `product_id`, `image`, `sort_order`) VALUES ('4270', '49', 'catalog/products/11.jpg', '0');
INSERT INTO `oc_product_image` (`product_image_id`, `product_id`, `image`, `sort_order`) VALUES ('4336', '33', 'catalog/products/2.jpg', '0');
INSERT INTO `oc_product_image` (`product_image_id`, `product_id`, `image`, `sort_order`) VALUES ('4329', '42', 'catalog/products/12.jpg', '0');
INSERT INTO `oc_product_image` (`product_image_id`, `product_id`, `image`, `sort_order`) VALUES ('4221', '36', 'catalog/products/10.jpg', '0');
INSERT INTO `oc_product_image` (`product_image_id`, `product_id`, `image`, `sort_order`) VALUES ('4269', '49', 'catalog/products/2.jpg', '0');
INSERT INTO `oc_product_image` (`product_image_id`, `product_id`, `image`, `sort_order`) VALUES ('4311', '46', 'catalog/products/1.jpg', '0');
INSERT INTO `oc_product_image` (`product_image_id`, `product_id`, `image`, `sort_order`) VALUES ('4275', '29', 'catalog/products/8.jpg', '0');
INSERT INTO `oc_product_image` (`product_image_id`, `product_id`, `image`, `sort_order`) VALUES ('4317', '43', 'catalog/products/5.jpg', '0');
INSERT INTO `oc_product_image` (`product_image_id`, `product_id`, `image`, `sort_order`) VALUES ('4233', '48', 'catalog/products/10.jpg', '0');
INSERT INTO `oc_product_image` (`product_image_id`, `product_id`, `image`, `sort_order`) VALUES ('4305', '35', 'catalog/products/12.jpg', '0');
INSERT INTO `oc_product_image` (`product_image_id`, `product_id`, `image`, `sort_order`) VALUES ('4299', '44', 'catalog/products/3.jpg', '0');
INSERT INTO `oc_product_image` (`product_image_id`, `product_id`, `image`, `sort_order`) VALUES ('4274', '29', 'catalog/products/6.jpg', '0');
INSERT INTO `oc_product_image` (`product_image_id`, `product_id`, `image`, `sort_order`) VALUES ('4268', '49', 'catalog/products/1.jpg', '0');
INSERT INTO `oc_product_image` (`product_image_id`, `product_id`, `image`, `sort_order`) VALUES ('4280', '34', 'catalog/products/12.jpg', '0');
INSERT INTO `oc_product_image` (`product_image_id`, `product_id`, `image`, `sort_order`) VALUES ('4250', '47', 'catalog/products/11.jpg', '0');
INSERT INTO `oc_product_image` (`product_image_id`, `product_id`, `image`, `sort_order`) VALUES ('4304', '35', 'catalog/products/4.jpg', '0');
INSERT INTO `oc_product_image` (`product_image_id`, `product_id`, `image`, `sort_order`) VALUES ('4328', '42', 'catalog/products/10.jpg', '0');
INSERT INTO `oc_product_image` (`product_image_id`, `product_id`, `image`, `sort_order`) VALUES ('4298', '44', 'catalog/products/4.jpg', '0');
INSERT INTO `oc_product_image` (`product_image_id`, `product_id`, `image`, `sort_order`) VALUES ('4335', '33', 'catalog/products/10.jpg', '0');
INSERT INTO `oc_product_image` (`product_image_id`, `product_id`, `image`, `sort_order`) VALUES ('4292', '31', 'catalog/products/5.jpg', '0');
INSERT INTO `oc_product_image` (`product_image_id`, `product_id`, `image`, `sort_order`) VALUES ('4316', '43', 'catalog/products/4.jpg', '0');
INSERT INTO `oc_product_image` (`product_image_id`, `product_id`, `image`, `sort_order`) VALUES ('4310', '46', 'catalog/products/12.jpg', '0');
INSERT INTO `oc_product_image` (`product_image_id`, `product_id`, `image`, `sort_order`) VALUES ('4220', '36', 'catalog/products/7.jpg', '0');
INSERT INTO `oc_product_image` (`product_image_id`, `product_id`, `image`, `sort_order`) VALUES ('4232', '48', 'catalog/products/1.jpg', '0');
INSERT INTO `oc_product_image` (`product_image_id`, `product_id`, `image`, `sort_order`) VALUES ('4225', '36', 'catalog/products/9.jpg', '0');
INSERT INTO `oc_product_image` (`product_image_id`, `product_id`, `image`, `sort_order`) VALUES ('4237', '48', 'catalog/products/3.jpg', '0');
INSERT INTO `oc_product_image` (`product_image_id`, `product_id`, `image`, `sort_order`) VALUES ('4334', '33', 'catalog/products/1.jpg', '0');
INSERT INTO `oc_product_image` (`product_image_id`, `product_id`, `image`, `sort_order`) VALUES ('4255', '47', 'catalog/products/6.jpg', '0');
INSERT INTO `oc_product_image` (`product_image_id`, `product_id`, `image`, `sort_order`) VALUES ('4273', '49', 'catalog/products/6.jpg', '0');
INSERT INTO `oc_product_image` (`product_image_id`, `product_id`, `image`, `sort_order`) VALUES ('4279', '29', 'catalog/products/5.jpg', '0');
INSERT INTO `oc_product_image` (`product_image_id`, `product_id`, `image`, `sort_order`) VALUES ('4285', '34', 'catalog/products/5.jpg', '0');
INSERT INTO `oc_product_image` (`product_image_id`, `product_id`, `image`, `sort_order`) VALUES ('4297', '31', 'catalog/products/9.jpg', '0');
INSERT INTO `oc_product_image` (`product_image_id`, `product_id`, `image`, `sort_order`) VALUES ('4303', '44', 'catalog/products/5.jpg', '0');
INSERT INTO `oc_product_image` (`product_image_id`, `product_id`, `image`, `sort_order`) VALUES ('4309', '35', 'catalog/products/1.jpg', '0');
INSERT INTO `oc_product_image` (`product_image_id`, `product_id`, `image`, `sort_order`) VALUES ('4315', '46', 'catalog/products/9.jpg', '0');
INSERT INTO `oc_product_image` (`product_image_id`, `product_id`, `image`, `sort_order`) VALUES ('4321', '43', 'catalog/products/2.jpg', '0');
INSERT INTO `oc_product_image` (`product_image_id`, `product_id`, `image`, `sort_order`) VALUES ('4333', '42', 'catalog/products/11.jpg', '0');


